<?xml version="1.0" encoding="UTF-8"?>
<project-private xmlns="http://www.netbeans.org/ns/project-private/1">
    <editor-bookmarks xmlns="http://www.netbeans.org/ns/editor-bookmarks/2" lastBookmarkId="0"/>
    <open-files xmlns="http://www.netbeans.org/ns/projectui-open-files/2">
        <group>
            <file>file:/C:/Users/c2sim/Desktop/C2SIMarchive/C2SIMGUIv2.13.3/src/edu/gmu/netlab/Subscriber.java</file>
            <file>file:/C:/Users/c2sim/Desktop/C2SIMarchive/C2SIMGUIv2.13.3/src/edu/gmu/netlab/Report.java</file>
            <file>file:/C:/Users/c2sim/Desktop/C2SIMarchive/C2SIMGUIv2.13.3/src/edu/gmu/netlab/C2SIMGUI.java</file>
        </group>
    </open-files>
</project-private>
