<?xml version="1.0" encoding="UTF-8"?>
<!-- this MilitaryScenario file was produced by the C2IM server as a translation from
a C2SIM Initialiazation file. It has not been checked for compliance with MSDL specification. -->
<MilitaryScenario xmlns="urn:sisostds:scenario:military:data:draft:msdl:1"><Options><ScenarioDataStandards><SymbologyDataStandard xmlns="http://www.sisostds.org/schemas/C2SIM/1.1"><StandardName>NATO_APPS-6</StandardName><MajorVersion>B</MajorVersion></SymbologyDataStandard><CoordinateDataStandard><CoordinateSystemType>GDC</CoordinateSystemType><CoordinateSystemDatum>WGS84</CoordinateSystemDatum></CoordinateDataStandard></ScenarioDataStandards></Options><Environment><ScenarioTime>2019-01-01T06:00:00Z</ScenarioTime></Environment><ForceSides><ForceSide><ObjectHandle>00000000-0001-0000-0000-000000000000</ObjectHandle><ForceSideName>NATOCoalition</ForceSideName></ForceSide><ForceSide><ObjectHandle>00000000-0002-0000-0000-000000000000</ObjectHandle><ForceSideName>WASA</ForceSideName></ForceSide><ForceSide><ObjectHandle>00000000-0003-0000-0000-000000000000</ObjectHandle><ForceSideName>Neutral</ForceSideName></ForceSide></ForceSides><Organizations><Units><Unit><UnitSymbolModifiers><Echelon>COMPANY</Echelon></UnitSymbolModifiers><Model><Resolution>STANDARD</Resolution><AggregaateBased>true</AggregaateBased></Model></Unit><Unit><UnitSymbolModifiers><Echelon>COMPANY</Echelon></UnitSymbolModifiers><Model><Resolution>STANDARD</Resolution><AggregaateBased>true</AggregaateBased></Model></Unit><Unit><UnitSymbolModifiers><Echelon>COMPANY</Echelon></UnitSymbolModifiers><Model><Resolution>STANDARD</Resolution><AggregaateBased>true</AggregaateBased></Model></Unit><Unit><UnitSymbolModifiers><Echelon>COMPANY</Echelon></UnitSymbolModifiers><Model><Resolution>STANDARD</Resolution><AggregaateBased>true</AggregaateBased></Model></Unit><Unit><UnitSymbolModifiers><Echelon>COMPANY</Echelon></UnitSymbolModifiers><Model><Resolution>STANDARD</Resolution><AggregaateBased>true</AggregaateBased></Model></Unit><Unit><UnitSymbolModifiers><Echelon>COMPANY</Echelon></UnitSymbolModifiers><Model><Resolution>STANDARD</Resolution><AggregaateBased>true</AggregaateBased></Model></Unit><Unit><UnitSymbolModifiers><Echelon>COMPANY</Echelon></UnitSymbolModifiers><Model><Resolution>STANDARD</Resolution><AggregaateBased>true</AggregaateBased></Model></Unit><Unit><UnitSymbolModifiers><Echelon>COMPANY</Echelon></UnitSymbolModifiers><Model><Resolution>STANDARD</Resolution><AggregaateBased>true</AggregaateBased></Model></Unit><Unit><UnitSymbolModifiers><Echelon>COMPANY</Echelon></UnitSymbolModifiers><Model><Resolution>STANDARD</Resolution><AggregaateBased>true</AggregaateBased></Model></Unit><Unit><UnitSymbolModifiers><Echelon>COMPANY</Echelon></UnitSymbolModifiers><Model><Resolution>STANDARD</Resolution><AggregaateBased>true</AggregaateBased></Model></Unit><Unit><UnitSymbolModifiers><Echelon>COMPANY</Echelon></UnitSymbolModifiers><Model><Resolution>STANDARD</Resolution><AggregaateBased>true</AggregaateBased></Model></Unit><Unit><UnitSymbolModifiers><Echelon>COMPANY</Echelon></UnitSymbolModifiers><Model><Resolution>STANDARD</Resolution><AggregaateBased>true</AggregaateBased></Model></Unit><Unit><UnitSymbolModifiers><Echelon>COMPANY</Echelon></UnitSymbolModifiers><Model><Resolution>STANDARD</Resolution><AggregaateBased>true</AggregaateBased></Model></Unit><Unit><UnitSymbolModifiers><Echelon>COMPANY</Echelon></UnitSymbolModifiers><Model><Resolution>STANDARD</Resolution><AggregaateBased>true</AggregaateBased></Model></Unit><Unit><UnitSymbolModifiers><Echelon>COMPANY</Echelon></UnitSymbolModifiers><Model><Resolution>STANDARD</Resolution><AggregaateBased>true</AggregaateBased></Model></Unit><Unit><UnitSymbolModifiers><Echelon>COMPANY</Echelon></UnitSymbolModifiers><Model><Resolution>STANDARD</Resolution><AggregaateBased>true</AggregaateBased></Model></Unit><Unit><UnitSymbolModifiers><Echelon>COMPANY</Echelon></UnitSymbolModifiers><Model><Resolution>STANDARD</Resolution><AggregaateBased>true</AggregaateBased></Model></Unit><Unit><UnitSymbolModifiers><Echelon>COMPANY</Echelon></UnitSymbolModifiers><Model><Resolution>STANDARD</Resolution><AggregaateBased>true</AggregaateBased></Model></Unit><Unit><UnitSymbolModifiers><Echelon>COMPANY</Echelon></UnitSymbolModifiers><Model><Resolution>STANDARD</Resolution><AggregaateBased>true</AggregaateBased></Model></Unit><Unit><UnitSymbolModifiers><Echelon>COMPANY</Echelon></UnitSymbolModifiers><Model><Resolution>STANDARD</Resolution><AggregaateBased>true</AggregaateBased></Model></Unit><Unit><UnitSymbolModifiers><Echelon>COMPANY</Echelon></UnitSymbolModifiers><Model><Resolution>STANDARD</Resolution><AggregaateBased>true</AggregaateBased></Model></Unit><Unit><UnitSymbolModifiers><Echelon>COMPANY</Echelon></UnitSymbolModifiers><Model><Resolution>STANDARD</Resolution><AggregaateBased>true</AggregaateBased></Model></Unit><Unit><UnitSymbolModifiers><Echelon>COMPANY</Echelon></UnitSymbolModifiers><Model><Resolution>STANDARD</Resolution><AggregaateBased>true</AggregaateBased></Model></Unit><Unit><UnitSymbolModifiers><Echelon>COMPANY</Echelon></UnitSymbolModifiers><Model><Resolution>STANDARD</Resolution><AggregaateBased>true</AggregaateBased></Model></Unit><Unit><UnitSymbolModifiers><Echelon>COMPANY</Echelon></UnitSymbolModifiers><Model><Resolution>STANDARD</Resolution><AggregaateBased>true</AggregaateBased></Model></Unit><Unit><UnitSymbolModifiers><Echelon>COMPANY</Echelon></UnitSymbolModifiers><Model><Resolution>STANDARD</Resolution><AggregaateBased>true</AggregaateBased></Model></Unit><Unit><UnitSymbolModifiers><Echelon>COMPANY</Echelon></UnitSymbolModifiers><Model><Resolution>STANDARD</Resolution><AggregaateBased>true</AggregaateBased></Model></Unit><Unit><UnitSymbolModifiers><Echelon>COMPANY</Echelon></UnitSymbolModifiers><Model><Resolution>STANDARD</Resolution><AggregaateBased>true</AggregaateBased></Model></Unit><Unit><UnitSymbolModifiers><Echelon>COMPANY</Echelon></UnitSymbolModifiers><Model><Resolution>STANDARD</Resolution><AggregaateBased>true</AggregaateBased></Model></Unit><Unit><UnitSymbolModifiers><Echelon>COMPANY</Echelon></UnitSymbolModifiers><Model><Resolution>STANDARD</Resolution><AggregaateBased>true</AggregaateBased></Model></Unit><Unit><UnitSymbolModifiers><Echelon>COMPANY</Echelon></UnitSymbolModifiers><Model><Resolution>STANDARD</Resolution><AggregaateBased>true</AggregaateBased></Model></Unit><Unit><UnitSymbolModifiers><Echelon>COMPANY</Echelon></UnitSymbolModifiers><Model><Resolution>STANDARD</Resolution><AggregaateBased>true</AggregaateBased></Model></Unit><Unit><UnitSymbolModifiers><Echelon>COMPANY</Echelon></UnitSymbolModifiers><Model><Resolution>STANDARD</Resolution><AggregaateBased>true</AggregaateBased></Model></Unit></Units></Organizations></MilitaryScenario>