<?xml version="1.0" encoding="UTF-8"?>
<project-private xmlns="http://www.netbeans.org/ns/project-private/1">
    <editor-bookmarks xmlns="http://www.netbeans.org/ns/editor-bookmarks/2" lastBookmarkId="0"/>
    <open-files xmlns="http://www.netbeans.org/ns/projectui-open-files/2">
        <group>
            <file>file:/Users/jmarkpullen/Documents/C2SIMGUIv2.10.14/src/edu/gmu/netlab/Player.java</file>
            <file>file:/Users/jmarkpullen/Documents/C2SIMGUIv2.10.14/src/edu/gmu/netlab/LocalPlayer.java</file>
            <file>file:/Users/jmarkpullen/Documents/C2SIMGUIv2.10.14/src/edu/gmu/netlab/C2SIMGUI.java</file>
            <file>file:/Users/jmarkpullen/Documents/C2SIMGUIv2.10.14/src/edu/gmu/netlab/InitC2SIM.java</file>
        </group>
    </open-files>
</project-private>
