<?xml version="1.0" encoding="UTF-8"?>
<MessageBody xmlns:xsi="http://www.w3.org/2001/XMLSchema-instance"
 xsi:schemaLocation="http://www.sisostds.org/schemas/C2SIM/1.1 ../Schema/C2SIM/C2SIM_SMX_LOX_V1.0.2.xsd"
 xmlns="http://www.sisostds.org/schemas/C2SIM/1.1"
 xmlns:c2s="http://www.sisostds.org/schemas/C2SIM/1.1">
<DomainMessageBody>
    <!-- C2SIM Order HLA network load MSG-201 CWIX 2023 -->
<OrderBody>
    <FromSender>00000000-0000-0001-0001-000000000000</FromSender>
    <ToReceiver>00000000-0007-0001-0000-000000000000</ToReceiver>
    <IssuedTime>
        <IsoDateTime>0000-00-00T00:00:00Z</IsoDateTime>
    </IssuedTime>
    <OrderID>00000000-0001-0001-1000-201200000000</OrderID>
    <Task><ManeuverWarfareTask>
        <!-- Row81 Move from SP-ORANGE along Route ORANGE -->
        <Location><GeodeticCoordinate>
            <Latitude>58.637863</Latitude>
            <Longitude>16.162447</Longitude>
        </GeodeticCoordinate></Location>
        <MapGraphicID>00000000-0001-0001-1000-000000000002</MapGraphicID>
        <Name>Move-1BnACoy-HLA</Name>
        <UUID>00000000-0001-0001-1000-201800000000</UUID>
        <AffectedEntity>00000000-0001-0001-1110-000000000000</AffectedEntity>
        <DesiredEffectCode>TaskSuccess</DesiredEffectCode>
        <PerformingEntity>00000000-0001-0001-1320-000000000000</PerformingEntity>
        <TaskActionCode>MOVE</TaskActionCode>     
        <RuleOfEngagement><MipWeaponUseROE><WeaponROECode>
            <WeaponRuleOfEngagementCode>ROEHold</WeaponRuleOfEngagementCode>
        </WeaponROECode></MipWeaponUseROE></RuleOfEngagement>
    </ManeuverWarfareTask></Task>

</OrderBody>
</DomainMessageBody>
</MessageBody>

