<?xml version="1.0" encoding="UTF-8"?>
<project-private xmlns="http://www.netbeans.org/ns/project-private/1">
    <editor-bookmarks xmlns="http://www.netbeans.org/ns/editor-bookmarks/2" lastBookmarkId="0"/>
    <open-files xmlns="http://www.netbeans.org/ns/projectui-open-files/2">
        <group>
            <file>file:/Users/jmarkpullen/Documents/C2SIMGUIv2.13.10/src/edu/gmu/netlab/MilOrg.java</file>
            <file>file:/Users/jmarkpullen/Documents/C2SIMGUIv2.13.10/src/edu/gmu/netlab/C2SIMGUI.java</file>
            <file>file:/Users/jmarkpullen/Documents/C2SIMGUIv2.13.10/src/edu/gmu/netlab/RouteLayer.java</file>
            <file>file:/Users/jmarkpullen/Documents/C2SIMGUIv2.13.10/src/edu/gmu/netlab/ReportC2SIM.java</file>
        </group>
    </open-files>
</project-private>
