<?xml version="1.0" encoding="UTF-8"?>
<?xml-stylesheet type="text/css" href="../../C2SIMGUIv2.13.11/Schema/C2SIM/C2SIM_SMX_LOX_CWIX2024.xsd"?>
<?xml-stylesheet type="text/css" href="../Schema/C2SIM/C2SIM_SMX_LOX_CWIX2024.xsd"?>
<?xml-stylesheet type="text/css" href="../Schema/C2SIM/C2SIM_SMX_LOX_CWIX2024.xsd"?>
<?xml-stylesheet type="text/css" href="../Schema/C2SIM/C2SIM_SMX_LOX_CWIX2024.xsd"?>
<?xml-stylesheet type="text/css" href="../Schema/C2SIM/C2SIM_SMX_LOX_CWIX2024.xsd"?>
<?xml-stylesheet type="text/css" href="../Schema/C2SIM/C2SIM_SMX_LOX_CWIX2024.xsd"?>
<?xml-stylesheet type="text/css" href="../Schema/C2SIM/C2SIM_SMX_LOX_CWIX2024.xsd"?>
<?xml-stylesheet type="text/css" href="../Schema/C2SIM/C2SIM_SMX_LOX_CWIX2024.xsd"?>
<?xml-stylesheet type="text/css" href="../Schema/C2SIM/C2SIM_SMX_LOX_CWIX2024.xsd"?>
<?xml-stylesheet type="text/css" href="../Schema/C2SIM/C2SIM_SMX_LOX_CWIX2024.xsd"?>
<?xml-stylesheet type="text/css" href="../Schema/C2SIM/C2SIM_SMX_LOX_CWIX2024.xsd"?>
<MessageBody xmlns:xsi="http://www.w3.org/2001/XMLSchema-instance"
 xsi:schemaLocation="http://www.sisostds.org/schemas/C2SIM/1.1 ../../C2SIMGUIv2.13.11/Schema/C2SIM/C2SIM_SMX_LOX_CWIX2024.xsd"
 xmlns="http://www.sisostds.org/schemas/C2SIM/1.1">
  <C2SIMInitializationBody>
    <!-- This file grew from the NATO MSG-201 CW2022 initialization file. It is built on the
      ORBAT developed by James Ruth of Trideum. Many of the units and objects it contains will
      not be used in CWIX 2023; howwever, they form a rich basis for CWIX experimentation and
      testing and as uch have been retained for possible future use. -->
    <ObjectDefinitions>
    <!-- UUID formation (NOTE: ForceSide UUID is zeros except for side)
      this UUUID format is artificial - done for ease of human decoding
      first 8: always 00000000
      next 4: side 0001 friendly, 0002 hostile, 0003 neutral (for ForceSide remainder of UUID is 0)
      next 4:nation friendly 0001, 0002, 0003, 0004 hostile 0007
      next 4: unit x000 BDE HQ, xx00 Bn HQ, xxx0 Coy, xxxx Plt or misc
      next 4: Order or Task number from the issuing unit (otherwise zeros)
      next 4: Event index associated with the identified unit (otherwise zeros)
      last 4: Control Feature or Tactical Graphic index associated with the identified unit
    -->
    <!-- NOTE: the RPR marking for physical entities is limited to 10 characters so we abbreviate platform as pf and route as rt -->
      <AbstractObject>
        <ForceSide>
          <Name>NATOCoalition</Name>
          <UUID>00000000-0001-0000-0000-000000000000</UUID>
          <ForceSideRelation>
            <HostilityStatusCode>HO</HostilityStatusCode>
            <OtherSide>00000000-0002-0000-0000-000000000000</OtherSide>
          </ForceSideRelation>
          <ForceSideRelation>
            <HostilityStatusCode>NEUTRL</HostilityStatusCode>
            <OtherSide>00000000-0003-0000-0000-000000000000</OtherSide>
          </ForceSideRelation>
        </ForceSide>
      </AbstractObject>
      <AbstractObject>
        <ForceSide>
          <Name>WASA</Name>
          <UUID>00000000-0002-0000-0000-000000000000</UUID>
          <ForceSideRelation>
            <HostilityStatusCode>HO</HostilityStatusCode>
            <OtherSide>00000000-0001-0000-0000-000000000000</OtherSide>
          </ForceSideRelation>
          <ForceSideRelation>
            <HostilityStatusCode>NEUTRL</HostilityStatusCode>
            <OtherSide>00000000-0003-0000-0000-000000000000</OtherSide>
          </ForceSideRelation>
        </ForceSide>
      </AbstractObject>
      <AbstractObject>
        <ForceSide>
          <Name>Neutral</Name>
          <UUID>00000000-0003-0000-0000-000000000000</UUID>
          <ForceSideRelation>
            <HostilityStatusCode>NEUTRL</HostilityStatusCode>
            <OtherSide>00000000-0001-0000-0000-000000000000</OtherSide>
          </ForceSideRelation>
          <ForceSideRelation>
            <HostilityStatusCode>NEUTRL</HostilityStatusCode>
            <OtherSide>00000000-0002-0000-0000-000000000000</OtherSide>
          </ForceSideRelation>
        </ForceSide>
      </AbstractObject>
 
      <Entity>
        <ActorEntity>
          <CollectiveEntity>
            <MilitaryOrganization>
			      <Unit>
              <EntityDescriptor>
                <Side>00000000-0002-0000-0000-000000000000</Side>
                <Superior>00000000-0000-0000-0000-000000000000</Superior>
              </EntityDescriptor>
			        <CurrentState>
			          <PhysicalState>
			            <EntityHealthStatus>
			              <OperationalStatus>
			                <OperationalStatusCode>FullyOperational</OperationalStatusCode>
			              </OperationalStatus>
			            </EntityHealthStatus>
			            <Location>
			              <GeodeticCoordinate>
			                <Latitude>58.634</Latitude>
			                <Longitude>16.07</Longitude>
			              </GeodeticCoordinate>
			            </Location>
			          </PhysicalState>
			         </CurrentState>
       			  <APP6CSymbol>
       			    <APP6C-SIDC>SHGPUCAW-------</APP6C-SIDC>
       			  </APP6CSymbol>
			         <Name>RedParent</Name>
               <SISOEntityType>
                  <DISCategory>2</DISCategory>
                  <DISCountry>222</DISCountry>
                  <DISDomain>1</DISDomain>
                  <DISExtra>0</DISExtra>
                  <DISKind>1</DISKind>
                  <DISSpecific>0</DISSpecific>
                  <DISSubCategory>13</DISSubCategory>
              </SISOEntityType>
              <UUID>00000000-0002-0007-2000-000000000000</UUID>
			        <EchelonCode>BDE</EchelonCode>
			      </Unit></MilitaryOrganization></CollectiveEntity>  
        </ActorEntity>
      </Entity>
      
      <Entity>
        <ActorEntity>
          <CollectiveEntity>
            <MilitaryOrganization>
              <Unit>
                <EntityDescriptor>
                <Side>00000000-0002-0000-0000-000000000000</Side>
                <Superior>00000000-0002-0007-2000-000000000000</Superior>
              </EntityDescriptor>
              <CurrentState>
                <PhysicalState>
                  <EntityHealthStatus>
                    <OperationalStatus>
                      <OperationalStatusCode>FullyOperational</OperationalStatusCode>
                    </OperationalStatus>
                  </EntityHealthStatus>
                  <Location>
                    <GeodeticCoordinate>
                      <Latitude>58.605881</Latitude>
                      <Longitude>16.236114</Longitude>
                    </GeodeticCoordinate>
                  </Location>
                </PhysicalState>
              </CurrentState>
              <APP6CSymbol>
                <APP6C-SIDC>SHGPUCAW-------</APP6C-SIDC>
              </APP6CSymbol>
              <Name>NorC1</Name> 
              <SISOEntityType>
                  <DISCategory>2</DISCategory>
                  <DISCountry>222</DISCountry>
                  <DISDomain>1</DISDomain>
                  <DISExtra>0</DISExtra>
                  <DISKind>1</DISKind>
                  <DISSpecific>0</DISSpecific>
                  <DISSubCategory>13</DISSubCategory>
              </SISOEntityType>          
              <UUID>00000000-0002-0007-1001-000000000000</UUID>
            <EchelonCode>BDE</EchelonCode>
            </Unit></MilitaryOrganization></CollectiveEntity>  
        </ActorEntity>
      </Entity>
      
      <Entity>
        <ActorEntity>
          <CollectiveEntity>
            <MilitaryOrganization><Unit>
              <EntityDescriptor>
                <Side>00000000-0002-0000-0000-000000000000</Side>
                <Superior>00000000-0002-0007-2000-000000000000</Superior>
              </EntityDescriptor>
              <CurrentState>
                <PhysicalState>
                  <EntityHealthStatus>
                    <OperationalStatus>
                      <OperationalStatusCode>FullyOperational</OperationalStatusCode>
                    </OperationalStatus>
                  </EntityHealthStatus>
                  <Location>
                    <GeodeticCoordinate>
                      <Latitude>58.60489</Latitude>
                      <Longitude>16.236114</Longitude>
                    </GeodeticCoordinate>
                  </Location>
                </PhysicalState>
              </CurrentState>
              <APP6CSymbol>
                  <APP6C-SIDC>SHGPUCI----B---</APP6C-SIDC>
              </APP6CSymbol>
              <Name>NorSoldier</Name>
              <SISOEntityType>
                  <DISCategory>11</DISCategory>
                  <DISCountry>222</DISCountry>
                  <DISDomain>1</DISDomain>
                  <DISExtra>0</DISExtra>
                  <DISKind>3</DISKind>
                  <DISSpecific>34</DISSpecific>
                  <DISSubCategory>5</DISSubCategory>
              </SISOEntityType>
              <UUID>00000000-0002-0007-1007-000000000000</UUID>
              <EchelonCode>NOS</EchelonCode>
            </Unit></MilitaryOrganization>
          </CollectiveEntity>
        </ActorEntity>
      </Entity>
      
      <Entity>
        <ActorEntity>
          <CollectiveEntity>
            <MilitaryOrganization><Unit>
              <EntityDescriptor>
                <Side>00000000-0002-0000-0000-000000000000</Side>
                <Superior>00000000-0002-0007-2000-000000000000</Superior>
              </EntityDescriptor>
              <CurrentState>
                <PhysicalState>
                  <EntityHealthStatus>
                    <OperationalStatus>
                      <OperationalStatusCode>FullyOperational</OperationalStatusCode>
                    </OperationalStatus>
                  </EntityHealthStatus>
                  <Location>
                    <GeodeticCoordinate>
                      <Latitude>58.73751</Latitude>
                      <Longitude>17.028933</Longitude>
                    </GeodeticCoordinate>
                  </Location>
                </PhysicalState>
              </CurrentState>
              <APP6CSymbol>
                  <APP6C-SIDC>SHGPUCI--------</APP6C-SIDC>
              </APP6CSymbol>
              <Name>NykC2</Name>
              <SISOEntityType>
                  <DISCategory>3</DISCategory>
                  <DISCountry>222</DISCountry>
                  <DISDomain>1</DISDomain>
                  <DISExtra>0</DISExtra>
                  <DISKind>1</DISKind>
                  <DISSpecific>0</DISSpecific>
                  <DISSubCategory>11</DISSubCategory>
              </SISOEntityType>
              <UUID>00000000-0002-0007-1002-000000000000</UUID>
              <EchelonCode>NOS</EchelonCode>
            </Unit></MilitaryOrganization>
          </CollectiveEntity>
        </ActorEntity>
      </Entity>
      
      <Entity>
        <ActorEntity>
          <Platform>
            <Vehicle>
              <EntityDescriptor>
                <Side>00000000-0002-0000-0000-000000000000</Side>
                <Superior>00000000-0002-0007-1002-000000000000</Superior>
              </EntityDescriptor>
              <APP6CSymbol>
                <APP6C-SIDC>SHGPUCAW-------</APP6C-SIDC>
              </APP6CSymbol>
              <Name>NykC2-pf</Name>
              <SISOEntityType>
                  <DISCategory>81</DISCategory>
                  <DISCountry>222</DISCountry>
                  <DISDomain>1</DISDomain>
                  <DISExtra>0</DISExtra>
                  <DISKind>1</DISKind>
                  <DISSpecific>1</DISSpecific>
                  <DISSubCategory>113</DISSubCategory>
              </SISOEntityType>
              <UUID>00000000-0002-0007-1012-000000000000</UUID>
              <CurrentState>
                <PhysicalState>
                  <EntityHealthStatus>
                    <OperationalStatus>
                      <OperationalStatusCode>FullyOperational</OperationalStatusCode>
                    </OperationalStatus>
                  </EntityHealthStatus>
                  <Location>
                    <GeodeticCoordinate>
                      <Latitude>58.605881</Latitude>
                      <Longitude>16.236114</Longitude>
                    </GeodeticCoordinate>
                  </Location>
                </PhysicalState>
              </CurrentState>
            </Vehicle>
          </Platform>
        </ActorEntity>
      </Entity>   

      <Entity>  
        <ActorEntity>
          <CollectiveEntity>
            <MilitaryOrganization><Unit>
              <EntityDescriptor>
                <Side>00000000-0002-0000-0000-000000000000</Side>
                <Superior>00000000-0002-0007-2000-000000000000</Superior>
              </EntityDescriptor>
              <CurrentState>
                <PhysicalState>
                  <EntityHealthStatus>
                    <OperationalStatus>
                      <OperationalStatusCode>FullyOperational</OperationalStatusCode>
                    </OperationalStatus>
                  </EntityHealthStatus>
                  <Location>
                    <GeodeticCoordinate>
                      <Latitude>58.689532</Latitude><!--Latitude>58.418038</Latitude-->
                      <Longitude>17.057163</Longitude><!--Longitude>15.64339</Longitude-->
                    </GeodeticCoordinate>
                  </Location>
                </PhysicalState>
              </CurrentState>
              <APP6CSymbol>
                  <APP6C-SIDC>SHGPUCI----B---</APP6C-SIDC>
              </APP6CSymbol>
              <Name>OxeC3</Name>
              <SISOEntityType>
                  <DISCategory>13</DISCategory>
                  <DISCountry>222</DISCountry>
                  <DISDomain>1</DISDomain>
                  <DISExtra>1</DISExtra>
                  <DISKind>0</DISKind>
                  <DISSpecific>0</DISSpecific>
                  <DISSubCategory>34</DISSubCategory>
              </SISOEntityType>
              <UUID>00000000-0002-0007-1003-000000000000</UUID>
              <EchelonCode>NOS</EchelonCode>
            </Unit></MilitaryOrganization>
          </CollectiveEntity>
        </ActorEntity>
      </Entity>
      
      <Entity>
        <ActorEntity>
          <Platform>
            <Vehicle>
              <EntityDescriptor>
                <Side>00000000-0002-0000-0000-000000000000</Side>
                <Superior>00000000-0002-0007-1003-000000000000</Superior>
              </EntityDescriptor>
              <APP6CSymbol>
                  <APP6C-SIDC>SHGPUCAW-------</APP6C-SIDC>
                </APP6CSymbol>
              <Name>OxeC3-pf</Name>
              <SISOEntityType>
                  <DISCategory>81</DISCategory>
                  <DISCountry>222</DISCountry>
                  <DISDomain>1</DISDomain>
                  <DISExtra>0</DISExtra>
                  <DISKind>1</DISKind>
                  <DISSpecific>1</DISSpecific>
                  <DISSubCategory>113</DISSubCategory>
              </SISOEntityType>
              <UUID>00000000-0002-0007-1013-000000000000</UUID>
              <CurrentState>
                <PhysicalState>
                  <EntityHealthStatus>
                    <OperationalStatus>
                      <OperationalStatusCode>FullyOperational</OperationalStatusCode>
                    </OperationalStatus>
                  </EntityHealthStatus>
                  <Location>
                    <GeodeticCoordinate>
                      <Latitude>58.689732</Latitude>
                      <Longitude>17.057163</Longitude>
                    </GeodeticCoordinate>
                  </Location>
                </PhysicalState>
              </CurrentState>
            </Vehicle>
          </Platform>
        </ActorEntity>
      </Entity>    
      
      <Entity>
        <ActorEntity>
          <CollectiveEntity>
            <MilitaryOrganization><Unit>
              <EntityDescriptor>
                <Side>00000000-0002-0000-0000-000000000000</Side>
                <Superior>00000000-0002-0007-2000-000000000000</Superior>
              </EntityDescriptor>
              <CurrentState>
                <PhysicalState>
                  <EntityHealthStatus>
                    <OperationalStatus>
                      <OperationalStatusCode>FullyOperational</OperationalStatusCode>
                    </OperationalStatus>
                  </EntityHealthStatus>
                  <Location>
                    <GeodeticCoordinate>
                      <Latitude>58.66513</Latitude>
                      <Longitude>16.312227</Longitude>
                    </GeodeticCoordinate>
                  </Location>
                </PhysicalState>
              </CurrentState>
              <APP6CSymbol>
                  <APP6C-SIDC>SHGPUCI--------</APP6C-SIDC>
              </APP6CSymbol>
              <Name>Krok</Name>
              <SISOEntityType>
                  <DISCategory>13</DISCategory>
                  <DISCountry>222</DISCountry>
                  <DISDomain>1</DISDomain>
                  <DISExtra>1</DISExtra>
                  <DISKind>0</DISKind>
                  <DISSpecific>0</DISSpecific>
                  <DISSubCategory>34</DISSubCategory>
                </SISOEntityType>
              <UUID>00000000-0002-0007-1004-000000000000</UUID>
              <EchelonCode>NOS</EchelonCode>
            </Unit></MilitaryOrganization>
          </CollectiveEntity>
        </ActorEntity>
      </Entity>
      
      <Entity>
        <ActorEntity>
          <Platform>
            <Vehicle>
              <EntityDescriptor>
                <Side>00000000-0002-0000-0000-000000000000</Side>
                <Superior>00000000-0002-0007-2000-000000000000</Superior>
              </EntityDescriptor>
              <APP6CSymbol>
                  <APP6C-SIDC>SHGPUCAW-------</APP6C-SIDC>
              </APP6CSymbol>
              <Name>NorC1-pf</Name>
              <SISOEntityType>
                  <DISCategory>81</DISCategory>
                  <DISCountry>222</DISCountry>
                  <DISDomain>1</DISDomain>
                  <DISExtra>0</DISExtra>
                  <DISKind>1</DISKind>
                  <DISSpecific>1</DISSpecific>
                  <DISSubCategory>113</DISSubCategory>
              </SISOEntityType>
              <UUID>00000000-0002-0007-1014-000000000000</UUID>
              <CurrentState>
                <PhysicalState>
                  <EntityHealthStatus>
                    <OperationalStatus>
                      <OperationalStatusCode>FullyOperational</OperationalStatusCode>
                    </OperationalStatus>
                  </EntityHealthStatus>
                  <Location>
                    <GeodeticCoordinate>
                      <Latitude>58.605881</Latitude>
                      <Longitude>16.236114</Longitude>
                    </GeodeticCoordinate>
                  </Location>
                </PhysicalState>
              </CurrentState>
            </Vehicle>
          </Platform>
        </ActorEntity>
      </Entity>  
      
      <Entity>
        <ActorEntity>
          <CollectiveEntity>
            <MilitaryOrganization><Unit>
              <EntityDescriptor>
                <Side>00000000-0002-0000-0000-000000000000</Side>
                <Superior>00000000-0002-0007-2000-000000000000</Superior>
              </EntityDescriptor>
              <CurrentState>
                <PhysicalState>
                  <EntityHealthStatus>
                    <OperationalStatus>
                      <OperationalStatusCode>FullyOperational</OperationalStatusCode>
                    </OperationalStatus>
                  </EntityHealthStatus>
                  <Location>
                    <GeodeticCoordinate>
                      <Latitude>58.477939</Latitude>
                      <Longitude>16.901948</Longitude>
                    </GeodeticCoordinate>
                  </Location>
                </PhysicalState>
              </CurrentState>
              <APP6CSymbol>
                  <APP6C-SIDC>SHGPUCI--------</APP6C-SIDC>
              </APP6CSymbol>
              <Name>Link</Name>
              <SISOEntityType>
                  <DISCategory>13</DISCategory>
                  <DISCountry>222</DISCountry>
                  <DISDomain>1</DISDomain>
                  <DISExtra>1</DISExtra>
                  <DISKind>0</DISKind>
                  <DISSpecific>0</DISSpecific>
                  <DISSubCategory>34</DISSubCategory>
              </SISOEntityType>
              <UUID>00000000-0002-0007-1005-000000000000</UUID>
              <EchelonCode>NOS</EchelonCode>
            </Unit></MilitaryOrganization>
          </CollectiveEntity>
        </ActorEntity>
      </Entity>
      
      <Entity>
        <ActorEntity>
          <Platform>
            <Vehicle>
              <EntityDescriptor>
                <Side>00000000-0002-0000-0000-000000000000</Side>
                <Superior>00000000-0002-0007-1005-000000000000</Superior>
              </EntityDescriptor>
              <APP6CSymbol>
                  <APP6C-SIDC>SHGPUCAW-------</APP6C-SIDC>
              </APP6CSymbol>
              <Name>Link-pf</Name>
              <SISOEntityType>
                  <DISCategory>81</DISCategory>
                  <DISCountry>222</DISCountry>
                  <DISDomain>1</DISDomain>
                  <DISExtra>0</DISExtra>
                  <DISKind>1</DISKind>
                  <DISSpecific>1</DISSpecific>
                  <DISSubCategory>113</DISSubCategory>
                </SISOEntityType>
              <UUID>00000000-0002-0007-1015-000000000000</UUID>
              <CurrentState>
                <PhysicalState>
                  <EntityHealthStatus>
                    <OperationalStatus>
                      <OperationalStatusCode>FullyOperational</OperationalStatusCode>
                    </OperationalStatus>
                  </EntityHealthStatus>
                  <Location>
                    <GeodeticCoordinate>
                      <Latitude>58.479939</Latitude>
                      <Longitude>16.901948</Longitude>
                    </GeodeticCoordinate>
                  </Location>
                </PhysicalState>
              </CurrentState>
            </Vehicle>
          </Platform>
        </ActorEntity>
      </Entity>  
      
      <Entity>
        <ActorEntity>
          <CollectiveEntity>
            <MilitaryOrganization><Unit>
              <EntityDescriptor>
                <Side>00000000-0002-0000-0000-000000000000</Side>
                <Superior>00000000-0002-0007-2000-000000000000</Superior>
              </EntityDescriptor>
              <CurrentState>
                <PhysicalState>
                  <EntityHealthStatus>
                    <OperationalStatus>
                      <OperationalStatusCode>FullyOperational</OperationalStatusCode>
                    </OperationalStatus>
                  </EntityHealthStatus>
                  <Location>
                    <GeodeticCoordinate>
                      <Latitude>58.644655</Latitude>
                      <Longitude>16.427088</Longitude>
                    </GeodeticCoordinate>
                  </Location>
                </PhysicalState>
              </CurrentState>
              <APP6CSymbol>
                  <APP6C-SIDC>SHGPUCI--------</APP6C-SIDC>
              </APP6CSymbol>
              <Name>SBC8</Name>
              <SISOEntityType>
                  <DISCategory>13</DISCategory>
                  <DISCountry>222</DISCountry>
                  <DISDomain>1</DISDomain>
                  <DISExtra>1</DISExtra>
                  <DISKind>0</DISKind>
                  <DISSpecific>0</DISSpecific>
                  <DISSubCategory>34</DISSubCategory>
                </SISOEntityType>
              <UUID>00000000-0002-0007-1006-000000000000</UUID>
              <EchelonCode>NOS</EchelonCode>
            </Unit></MilitaryOrganization>
          </CollectiveEntity>
        </ActorEntity>
      </Entity>
      
      <Entity>
        <ActorEntity>
          <Platform>
            <Vehicle>
              <EntityDescriptor>
                <Side>00000000-0002-0000-0000-000000000000</Side>
                <Superior>00000000-0002-0007-1006-000000000000</Superior>
              </EntityDescriptor>
              <APP6CSymbol>
                  <APP6C-SIDC>SHGPUCI--------</APP6C-SIDC>
              </APP6CSymbol>
              <Name>SBC-boat</Name>
              <SISOEntityType>
                  <DISCategory>13</DISCategory>
                  <DISCountry>222</DISCountry>
                  <DISDomain>1</DISDomain>
                  <DISExtra>1</DISExtra>
                  <DISKind>0</DISKind>
                  <DISSpecific>0</DISSpecific>
                  <DISSubCategory>34</DISSubCategory>
              </SISOEntityType>
              <UUID>00000000-0002-0007-1016-000000000000</UUID>
              <CurrentState>
                <PhysicalState>
                  <EntityHealthStatus>
                    <OperationalStatus>
                      <OperationalStatusCode>FullyOperational</OperationalStatusCode>
                    </OperationalStatus>
                  </EntityHealthStatus>
                  <Location>
                    <GeodeticCoordinate>
                      <Latitude>58.646655</Latitude>
                      <Longitude>16.427088</Longitude>
                    </GeodeticCoordinate>
                  </Location>
                </PhysicalState>
              </CurrentState>
            </Vehicle>
          </Platform>
        </ActorEntity>
      </Entity>
      
      <Entity>  
        <ActorEntity>
          <CollectiveEntity>
            <MilitaryOrganization><Unit>
              <EntityDescriptor>
                <Side>00000000-0001-0000-0000-000000000000</Side>
                <Superior>00000000-0000-0000-0000-000000000000</Superior>
              </EntityDescriptor>
              <CurrentState>
                <PhysicalState>
                  <EntityHealthStatus>
                    <OperationalStatus>
                      <OperationalStatusCode>FullyOperational</OperationalStatusCode>
                    </OperationalStatus>
                  </EntityHealthStatus>
                  <Location>
                    <GeodeticCoordinate>
                      <Latitude>58.586727</Latitude>
                      <Longitude>16.214798</Longitude>
                    </GeodeticCoordinate>
                  </Location>
                </PhysicalState>
              </CurrentState>
              <APP6CSymbol>
                  <APP6C-SIDC>SFGPUCI--------</APP6C-SIDC>
              </APP6CSymbol>
              <Name>BDEHQ</Name>
              <SISOEntityType> 
                  <DISCategory>3</DISCategory>
                  <DISCountry>78</DISCountry>
                  <DISDomain>1</DISDomain>
                  <DISExtra>0</DISExtra>
                  <DISKind>1</DISKind>
                  <DISSpecific>0</DISSpecific>
                  <DISSubCategory>11</DISSubCategory>
              </SISOEntityType>
              <UUID>00000000-0001-0001-1000-000000000000</UUID>
              <EchelonCode>BDE</EchelonCode>
            </Unit></MilitaryOrganization>
          </CollectiveEntity>
        </ActorEntity>
      </Entity>
      
      <Entity>
        <ActorEntity>
          <CollectiveEntity>
            <MilitaryOrganization><Unit>
              <EntityDescriptor>
                <Side>00000000-0001-0000-0000-000000000000</Side>
                <Superior>00000000-0001-0001-1000-000000000000</Superior>
              </EntityDescriptor>
              <CurrentState>
                <PhysicalState>
                  <EntityHealthStatus>
                    <OperationalStatus>
                      <OperationalStatusCode>FullyOperational</OperationalStatusCode>
                    </OperationalStatus>
                  </EntityHealthStatus>
                  <Location>
                    <GeodeticCoordinate>
                      <Latitude>58.584053</Latitude>
                      <Longitude>16.214798</Longitude>
                    </GeodeticCoordinate>
                  </Location>
                </PhysicalState>
              </CurrentState>
              <APP6CSymbol>
                  <APP6C-SIDC>SFGPUCI---AF---</APP6C-SIDC>
              </APP6CSymbol>
              <Name>1Bn^HQ</Name>
              <SISOEntityType>
                  <DISCategory>5</DISCategory>
                  <DISCountry>225</DISCountry>
                  <DISDomain>1</DISDomain>
                  <DISExtra>0</DISExtra>
                  <DISKind>0</DISKind>
                  <DISSpecific>0</DISSpecific>
                  <DISSubCategory>20</DISSubCategory>
                </SISOEntityType>
              <UUID>00000000-0001-0001-1100-000000000000</UUID>
              <EchelonCode>BN</EchelonCode>
            </Unit></MilitaryOrganization>
          </CollectiveEntity>
        </ActorEntity>
      </Entity>
      
      <Entity>
        <ActorEntity>
          <CollectiveEntity>
            <MilitaryOrganization><Unit>
              <EntityDescriptor>
                <Side>00000000-0001-0000-0000-000000000000</Side>
                <Superior>00000000-0001-0001-1100-000000000000</Superior>
              </EntityDescriptor>
              <CurrentState>
                <PhysicalState>
                  <EntityHealthStatus>
                    <OperationalStatus>
                      <OperationalStatusCode>FullyOperational</OperationalStatusCode>
                    </OperationalStatus>
                  </EntityHealthStatus>
                  <Location>
                    <GeodeticCoordinate>
                      <Latitude>58.588053</Latitude>
                      <Longitude>16.214798</Longitude>
                    </GeodeticCoordinate>
                  </Location>
                </PhysicalState>
              </CurrentState>
              <APP6CSymbol>
                  <APP6C-SIDC>SFGPUCI----E---</APP6C-SIDC>
              </APP6CSymbol>
              <Name>1BnACoy</Name>
              <SISOEntityType>
                  <DISCategory>5</DISCategory>
                  <DISCountry>225</DISCountry>
                  <DISDomain>1</DISDomain>
                  <DISExtra>0</DISExtra>
                  <DISKind>0</DISKind>
                  <DISSpecific>0</DISSpecific>
                  <DISSubCategory>2</DISSubCategory>
              </SISOEntityType>
              <UUID>00000000-0001-0001-1110-000000000000</UUID>
              <EchelonCode>COY</EchelonCode>
            </Unit></MilitaryOrganization>
          </CollectiveEntity>
        </ActorEntity>
      </Entity>
      
      <Entity>
        <ActorEntity>
          <CollectiveEntity>
            <MilitaryOrganization><Unit>
              <EntityDescriptor>
                <Side>00000000-0001-0000-0000-000000000000</Side>
                <Superior>00000000-0001-0001-1100-000000000000</Superior>
              </EntityDescriptor>
              <CurrentState>
                <PhysicalState>
                  <EntityHealthStatus>
                    <OperationalStatus>
                      <OperationalStatusCode>FullyOperational</OperationalStatusCode>
                    </OperationalStatus>
                  </EntityHealthStatus>
                  <Location>
                    <GeodeticCoordinate>
                      <Latitude>58.590053</Latitude>
                      <Longitude>16.249418</Longitude>
                    </GeodeticCoordinate>
                  </Location>
                </PhysicalState>
              </CurrentState>
              <APP6CSymbol>
                  <APP6C-SIDC>SFGPUCI----E---</APP6C-SIDC>
              </APP6CSymbol>
              <Name>1BnBCoy</Name>
              <SISOEntityType>
                  <DISCategory>5</DISCategory>
                  <DISCountry>225</DISCountry>
                  <DISDomain>1</DISDomain>
                  <DISExtra>0</DISExtra>
                  <DISKind>0</DISKind>
                  <DISSpecific>0</DISSpecific>
                  <DISSubCategory>2</DISSubCategory>
              </SISOEntityType>
              <UUID>00000000-0001-0001-1120-000000000000</UUID>
              <EchelonCode>COY</EchelonCode>
            </Unit></MilitaryOrganization>
          </CollectiveEntity>
        </ActorEntity>
      </Entity>
      
      <Entity>
        <ActorEntity>
          <CollectiveEntity>
            <MilitaryOrganization><Unit>
              <EntityDescriptor>
                <Side>00000000-0001-0000-0000-000000000000</Side>
                <Superior>00000000-0001-0001-1000-000000000000</Superior>
              </EntityDescriptor>
              <CurrentState>
                <PhysicalState>
                  <EntityHealthStatus>
                    <OperationalStatus>
                      <OperationalStatusCode>FullyOperational</OperationalStatusCode>
                    </OperationalStatus>
                  </EntityHealthStatus>
                  <Location>
                    <GeodeticCoordinate>
                      <Latitude>58.591201</Latitude>
                      <Longitude>16.241706</Longitude>
                    </GeodeticCoordinate>
                  </Location>
                </PhysicalState>
              </CurrentState>
              <APP6CSymbol>
                  <APP6C-SIDC>SFGPUCI---AF---</APP6C-SIDC>
              </APP6CSymbol>
              <Name>2BnHQ</Name>
              <SISOEntityType>
                  <DISCategory>5</DISCategory>
                  <DISCountry>225</DISCountry>
                  <DISDomain>1</DISDomain>
                  <DISExtra>0</DISExtra>
                  <DISKind>0</DISKind>
                  <DISSpecific>0</DISSpecific>
                  <DISSubCategory>20</DISSubCategory>
              </SISOEntityType>
              <UUID>00000000-0001-0001-1200-000000000000</UUID>
              <EchelonCode>BN</EchelonCode>
            </Unit></MilitaryOrganization>
          </CollectiveEntity>
        </ActorEntity>
      </Entity>
      
      <Entity>
        <ActorEntity>
          <CollectiveEntity>
            <MilitaryOrganization><Unit>
              <EntityDescriptor>
                <Side>00000000-0001-0000-0000-000000000000</Side>
                <Superior>00000000-0001-0001-1200-000000000000</Superior>
              </EntityDescriptor>
              <CurrentState>
                <PhysicalState>
                  <EntityHealthStatus>
                    <OperationalStatus>
                      <OperationalStatusCode>FullyOperational</OperationalStatusCode>
                    </OperationalStatus>
                  </EntityHealthStatus>
                  <Location>
                    <GeodeticCoordinate>
                      <Latitude>58.593201</Latitude>
                        <Longitude>16.2417068</Longitude>
                    </GeodeticCoordinate>
                  </Location>
                </PhysicalState>
              </CurrentState>
              <APP6CSymbol>
                  <APP6C-SIDC>SFGPUCI----E---</APP6C-SIDC>
              </APP6CSymbol>
              <Name>2BnACoy</Name>
              <SISOEntityType>
                  <DISCategory>5</DISCategory>
                  <DISCountry>225</DISCountry>
                  <DISDomain>1</DISDomain>
                  <DISExtra>0</DISExtra>
                  <DISKind>0</DISKind>
                  <DISSpecific>0</DISSpecific>
                  <DISSubCategory>2</DISSubCategory>
                </SISOEntityType>
              <UUID>00000000-0001-0001-1210-000000000000</UUID>
              <EchelonCode>COY</EchelonCode>
            </Unit></MilitaryOrganization>
          </CollectiveEntity>
        </ActorEntity>
      </Entity>
      
      <Entity>
        <ActorEntity>
          <CollectiveEntity>
            <MilitaryOrganization><Unit>
              <EntityDescriptor>
                <Side>00000000-0001-0000-0000-000000000000</Side>
                <Superior>00000000-0001-0001-1200-000000000000</Superior>
              </EntityDescriptor>
              <CurrentState>
                <PhysicalState>
                  <EntityHealthStatus>
                    <OperationalStatus>
                      <OperationalStatusCode>FullyOperational</OperationalStatusCode>
                    </OperationalStatus>
                  </EntityHealthStatus>
                  <Location>
                    <GeodeticCoordinate>
                      <Latitude>58.595201</Latitude>
                      <Longitude>16.241706</Longitude>
                    </GeodeticCoordinate>
                  </Location>
                </PhysicalState>
              </CurrentState>
              <APP6CSymbol>
                  <APP6C-SIDC>SFGPUCI----E---</APP6C-SIDC>
              </APP6CSymbol>
              <Name>2BnBCoy</Name>
              <SISOEntityType>
                  <DISCategory>5</DISCategory>
                  <DISCountry>225</DISCountry>
                  <DISDomain>1</DISDomain>
                  <DISExtra>0</DISExtra>
                  <DISKind>0</DISKind>
                  <DISSpecific>0</DISSpecific>
                  <DISSubCategory>2</DISSubCategory>
              </SISOEntityType>
              <UUID>00000000-0001-0001-1220-000000000000</UUID>
              <EchelonCode>COY</EchelonCode>
            </Unit></MilitaryOrganization>
          </CollectiveEntity>
        </ActorEntity>
      </Entity>
      
      <Entity>
        <ActorEntity>
          <CollectiveEntity>
            <MilitaryOrganization><Unit>
              <EntityDescriptor>
                <Side>00000000-0001-0000-0000-000000000000</Side>
                <Superior>00000000-0001-0001-1200-000000000000</Superior>
              </EntityDescriptor>
              <CurrentState>
                <PhysicalState>
                  <EntityHealthStatus>
                    <OperationalStatus>
                      <OperationalStatusCode>FullyOperational</OperationalStatusCode>
                    </OperationalStatus>
                  </EntityHealthStatus>
                  <Location>
                    <GeodeticCoordinate>
                      <Latitude>58.597201</Latitude>
                      <Longitude>16.241706</Longitude>
                    </GeodeticCoordinate>
                  </Location>
                </PhysicalState>
              </CurrentState>
              <APP6CSymbol>
                  <APP6C-SIDC>SFGPUCI----E---</APP6C-SIDC>
              </APP6CSymbol>
              <Name>2BnCCoy</Name>
              <SISOEntityType>
                  <DISCategory>5</DISCategory>
                  <DISCountry>225</DISCountry>
                  <DISDomain>1</DISDomain>
                  <DISExtra>0</DISExtra>
                  <DISKind>0</DISKind>
                  <DISSpecific>0</DISSpecific>
                  <DISSubCategory>2</DISSubCategory>
                </SISOEntityType>
              <UUID>00000000-0001-0001-1230-000000000000</UUID>
              <EchelonCode>COY</EchelonCode>
            </Unit></MilitaryOrganization>
          </CollectiveEntity>
        </ActorEntity>
      </Entity>
      
      <Entity>       
        <ActorEntity>
          <CollectiveEntity>
            <MilitaryOrganization><Unit>
              <EntityDescriptor>
                <Side>00000000-0001-0000-0000-000000000000</Side>
                <Superior>00000000-0001-0001-1000-000000000000</Superior>
              </EntityDescriptor>
              <CurrentState>
                <PhysicalState>
                  <EntityHealthStatus>
                    <OperationalStatus>
                      <OperationalStatusCode>FullyOperational</OperationalStatusCode>
                    </OperationalStatus>
                  </EntityHealthStatus>
                  <Location>
                    <GeodeticCoordinate>
                      <Latitude>58.575894</Latitude>
                      <Longitude>16.259419</Longitude>
                    </GeodeticCoordinate>
                  </Location>
                </PhysicalState>
              </CurrentState>
              <APP6CSymbol>
                  <APP6C-SIDC>SFGPUCI---AF---</APP6C-SIDC>
              </APP6CSymbol>
              <Name>3BnHQ</Name>
              <SISOEntityType> <!-- M557 Tank -->
                  <DISCategory>3</DISCategory>
                  <DISCountry>78</DISCountry>
                  <DISDomain>1</DISDomain>
                  <DISExtra>0</DISExtra>
                  <DISKind>1</DISKind>
                  <DISSpecific>0</DISSpecific>
                  <DISSubCategory>11</DISSubCategory>
              </SISOEntityType>
              <UUID>00000000-0001-0001-1300-000000000000</UUID>
              <EchelonCode>BN</EchelonCode>
            </Unit></MilitaryOrganization>
          </CollectiveEntity>
        </ActorEntity>
      </Entity>
      
      <Entity>
        <ActorEntity>
          <CollectiveEntity>
            <MilitaryOrganization><Unit>
              <EntityDescriptor>
                <Side>00000000-0001-0000-0000-000000000000</Side>
                <Superior>00000000-0001-0001-1300-000000000000</Superior>
              </EntityDescriptor>
              <CurrentState>
                <PhysicalState>
                  <EntityHealthStatus>
                    <OperationalStatus>
                      <OperationalStatusCode>FullyOperational</OperationalStatusCode>
                    </OperationalStatus>
                  </EntityHealthStatus>
                  <Location>
                    <GeodeticCoordinate>
                      <Latitude>58.575894</Latitude>
                      <Longitude>16.259419</Longitude>
                    </GeodeticCoordinate>
                  </Location>
                </PhysicalState>
              </CurrentState>
              <APP6CSymbol>
                  <APP6C-SIDC>SFGPUCI----E---</APP6C-SIDC>
              </APP6CSymbol>
              <Name>3BnACoy</Name>
              <SISOEntityType>
                  <DISCategory>5</DISCategory>
                  <DISCountry>78</DISCountry>
                  <DISDomain>1</DISDomain>
                  <DISExtra>0</DISExtra>
                  <DISKind>0</DISKind>
                  <DISSpecific>0</DISSpecific>
                  <DISSubCategory>2</DISSubCategory>
              </SISOEntityType>
              <UUID>00000000-0001-0001-1310-000000000000</UUID>
              <EchelonCode>COY</EchelonCode>
            </Unit></MilitaryOrganization>
          </CollectiveEntity>
        </ActorEntity>
      </Entity>
      
      <Entity>
        <ActorEntity>
          <CollectiveEntity>
            <MilitaryOrganization><Unit>
              <EntityDescriptor>
                <Side>00000000-0001-0000-0000-000000000000</Side>
                <Superior>00000000-0001-0001-1300-000000000000</Superior>
              </EntityDescriptor>
              <CurrentState>
                <PhysicalState>
                  <EntityHealthStatus>
                    <OperationalStatus>
                      <OperationalStatusCode>FullyOperational</OperationalStatusCode>
                    </OperationalStatus>
                  </EntityHealthStatus>
                  <Location>
                    <GeodeticCoordinate>
                      <Latitude>58.575894</Latitude>
                      <Longitude>16.2594198</Longitude>
                    </GeodeticCoordinate>
                  </Location>
                </PhysicalState>
              </CurrentState>
              <APP6CSymbol>
                  <APP6C-SIDC>SFGPUCI----E---</APP6C-SIDC>
              </APP6CSymbol>
              <Name>3BnBCoy</Name>
              <SISOEntityType> 
                  <DISCategory>3</DISCategory>
                  <DISCountry>153</DISCountry>
                  <DISDomain>1</DISDomain>
                  <DISExtra>0</DISExtra>
                  <DISKind>1</DISKind>
                  <DISSpecific>0</DISSpecific>
                  <DISSubCategory>11</DISSubCategory>
              </SISOEntityType>
              <UUID>00000000-0001-0001-1320-000000000000</UUID>
              <EchelonCode>COY</EchelonCode>
            </Unit></MilitaryOrganization>
          </CollectiveEntity>
        </ActorEntity>
      </Entity> 
	  
      <Entity>
        <ActorEntity>
          <Platform>
            <Vehicle>
              <EntityDescriptor>
                <Side>00000000-0001-0000-0000-000000000000</Side>
                <Superior>00000000-0001-0001-1320-000000000000</Superior>
              </EntityDescriptor>
              <APP6CSymbol>
                  <APP6C-SIDC>SFGPUCI----E---</APP6C-SIDC>
              </APP6CSymbol>
              <Name>3BnBCoy-pf</Name>
              <SISOEntityType>
                  <DISCategory>81</DISCategory>
                  <DISCountry>153</DISCountry>
                  <DISDomain>1</DISDomain>
                  <DISExtra>0</DISExtra>
                  <DISKind>1</DISKind>
                  <DISSpecific>1</DISSpecific>
                  <DISSubCategory>113</DISSubCategory>
              </SISOEntityType>
              <UUID>730e9a12-f4b6-11ed-a05b-0242ac120003</UUID>
              <CurrentState>
                <PhysicalState>
                  <EntityHealthStatus>
                    <OperationalStatus>
                      <OperationalStatusCode>FullyOperational</OperationalStatusCode>
                    </OperationalStatus>
                  </EntityHealthStatus>
                  <Location>
                    <GeodeticCoordinate>
                      <Latitude>58.575894</Latitude>
                      <Longitude>16.2594198</Longitude>
                    </GeodeticCoordinate>
                  </Location>
                </PhysicalState>
              </CurrentState>
            </Vehicle>
          </Platform>
        </ActorEntity>
      </Entity>
	    
      <Entity>
        <ActorEntity>
          <Platform>
            <Vehicle>
              <EntityDescriptor>
                <Side>00000000-0001-0000-0000-000000000000</Side>
                <Superior>00000000-0001-0001-1300-000000000000</Superior>
              </EntityDescriptor>
              <APP6CSymbol>
                  <APP6C-SIDC>SFAPMFQ--------</APP6C-SIDC>
              </APP6CSymbol>
              <Name>UAS-pf</Name>
              <SISOEntityType>
                  <DISCategory>21</DISCategory>
                  <DISCountry>153</DISCountry>
                  <DISDomain>2</DISDomain>
                  <DISExtra>0</DISExtra>
                  <DISKind>1</DISKind>
                  <DISSpecific>1</DISSpecific>
                  <DISSubCategory>6</DISSubCategory>
              </SISOEntityType>
              <UUID>c38c5130-0c23-11ee-be56-0242ac120002</UUID>
              <CurrentState>
                <PhysicalState>
                  <EntityHealthStatus>
                    <OperationalStatus>
                      <OperationalStatusCode>FullyOperational</OperationalStatusCode>
                    </OperationalStatus>
                  </EntityHealthStatus>
                  <Location>
                    <GeodeticCoordinate>
                      <Latitude>58.586727</Latitude>
                      <Longitude>16.249418</Longitude>
                    </GeodeticCoordinate>
                  </Location>
                </PhysicalState>
              </CurrentState>
            </Vehicle>
          </Platform>
        </ActorEntity>
      </Entity>	  
	  
      <Entity>
        <ActorEntity>
          <CollectiveEntity>
            <MilitaryOrganization><Unit>
              <EntityDescriptor>
                <Side>00000000-0001-0000-0000-000000000000</Side>
                <Superior>00000000-0001-0001-1300-000000000000</Superior>
              </EntityDescriptor>
              <CurrentState>
                <PhysicalState>
                  <EntityHealthStatus>
                    <OperationalStatus>
                      <OperationalStatusCode>FullyOperational</OperationalStatusCode>
                    </OperationalStatus>
                  </EntityHealthStatus>
                  <Location>
                    <GeodeticCoordinate>
                      <Latitude>58.575894</Latitude>
                      <Longitude>16.259419</Longitude>
                    </GeodeticCoordinate>
                  </Location>
                </PhysicalState>
              </CurrentState>
              <APP6CSymbol>
                  <APP6C-SIDC>SFGPUCI----E---</APP6C-SIDC>
              </APP6CSymbol>
              <Name>3BnCCoy</Name>
              <SISOEntityType>
                  <DISCategory>5</DISCategory>
                  <DISCountry>71</DISCountry>
                  <DISDomain>1</DISDomain>
                  <DISExtra>0</DISExtra>
                  <DISKind>0</DISKind>
                  <DISSpecific>0</DISSpecific>
                  <DISSubCategory>2</DISSubCategory>
              </SISOEntityType>
              <UUID>00000000-0001-0001-1330-000000000000</UUID>
              <EchelonCode>COY</EchelonCode>
            </Unit></MilitaryOrganization>
          </CollectiveEntity>
        </ActorEntity>
      </Entity>
	  
	  <Entity>
        <ActorEntity>
          <Platform>
            <Vehicle>
              <EntityDescriptor>
                <Side>00000000-0001-0000-0000-000000000000</Side>
                <Superior>00000000-0001-0001-1330-000000000000</Superior>
              </EntityDescriptor>
              <APP6CSymbol>
                  <APP6C-SIDC>SFGPUCI----E---</APP6C-SIDC>
              </APP6CSymbol>
              <Name>3BnCCoy-pf</Name>
              <SISOEntityType>
                  <DISCategory>81</DISCategory>
                  <DISCountry>153</DISCountry>
                  <DISDomain>1</DISDomain>
                  <DISExtra>0</DISExtra>
                  <DISKind>1</DISKind>
                  <DISSpecific>1</DISSpecific>
                  <DISSubCategory>113</DISSubCategory>
              </SISOEntityType>
              <UUID>e97d8dac-da1f-4a65-87ac-b94d2cb16c8c</UUID>
              <CurrentState>
                <PhysicalState>
                  <EntityHealthStatus>
                    <OperationalStatus>
                      <OperationalStatusCode>FullyOperational</OperationalStatusCode>
                    </OperationalStatus>
                  </EntityHealthStatus>
                  <Location>
                    <GeodeticCoordinate>
                      <Latitude>58.575894</Latitude>
                      <Longitude>16.259419</Longitude>
                    </GeodeticCoordinate>
                  </Location>
                </PhysicalState>
              </CurrentState>
            </Vehicle>
          </Platform>
        </ActorEntity>
      </Entity>
      
      <Entity>
        <ActorEntity>
          <CollectiveEntity>
            <MilitaryOrganization><Unit>
              <EntityDescriptor>
                <Side>00000000-0001-0000-0000-000000000000</Side>
                <Superior>00000000-0001-0001-1000-000000000000</Superior>
              </EntityDescriptor>
              <CurrentState>
                <PhysicalState>
                  <EntityHealthStatus>
                    <OperationalStatus>
                      <OperationalStatusCode>FullyOperational</OperationalStatusCode>
                    </OperationalStatus>
                  </EntityHealthStatus>
                  <Location>
                    <GeodeticCoordinate>
                      <Latitude>58.584727</Latitude>
                      <Longitude>16.249418</Longitude>
                    </GeodeticCoordinate>
                  </Location>
                </PhysicalState>
              </CurrentState>
              <APP6CSymbol>
                  <APP6C-SIDC>SFGPUCVR-------</APP6C-SIDC>
              </APP6CSymbol>
              <Name>4BnHQ</Name>
              <SISOEntityType>
                  <DISCategory>5</DISCategory>
                  <DISCountry>71</DISCountry>
                  <DISDomain>1</DISDomain>
                  <DISExtra>0</DISExtra>
                  <DISKind>0</DISKind>
                  <DISSpecific>0</DISSpecific>
                  <DISSubCategory>20</DISSubCategory>
              </SISOEntityType>
              <UUID>00000000-0001-0001-1400-000000000000</UUID>
              <EchelonCode>BN</EchelonCode>
            </Unit></MilitaryOrganization>
          </CollectiveEntity>
        </ActorEntity>
      </Entity>
      
      <Entity>
        <ActorEntity>
          <CollectiveEntity>
            <MilitaryOrganization><Unit>
              <EntityDescriptor>
                <Side>00000000-0001-0000-0000-000000000000</Side>
                <Superior>00000000-0001-0001-1400-000000000000</Superior>
              </EntityDescriptor>
              <CurrentState>
                <PhysicalState>
                  <EntityHealthStatus>
                    <OperationalStatus>
                      <OperationalStatusCode>FullyOperational</OperationalStatusCode>
                    </OperationalStatus>
                  </EntityHealthStatus>
                  <Location>
                    <GeodeticCoordinate>
                      <Latitude>58.588727</Latitude>
                      <Longitude>16.249418</Longitude>
                    </GeodeticCoordinate>
                  </Location>
                </PhysicalState>
              </CurrentState>
              <APP6CSymbol>
                  <APP6C-SIDC>SFAPUCVRUH-----</APP6C-SIDC>
              </APP6CSymbol>
              <Name>4BnBdeQRF</Name>
              <SISOEntityType>
                  <DISCategory>23</DISCategory>
                  <DISCountry>225</DISCountry>
                  <DISDomain>2</DISDomain>
                  <DISExtra>0</DISExtra>
                  <DISKind>1</DISKind>
                  <DISSpecific>1</DISSpecific>
                  <DISSubCategory>1</DISSubCategory>
                </SISOEntityType>
              <UUID>00000000-0001-0001-1411-000000000000</UUID>
              <EchelonCode>NOS</EchelonCode>
            </Unit></MilitaryOrganization>
          </CollectiveEntity>
        </ActorEntity>
      </Entity>  
    
      <Entity>
        <ActorEntity>
          <CollectiveEntity>
            <MilitaryOrganization><Unit>
              <EntityDescriptor>
                <Side>00000000-0001-0000-0000-000000000000</Side>
                <Superior>00000000-0001-0001-1100-000000000000</Superior>
              </EntityDescriptor>
              <CurrentState>
                <PhysicalState>
                  <EntityHealthStatus>
                    <OperationalStatus>
                      <OperationalStatusCode>FullyOperational</OperationalStatusCode>
                    </OperationalStatus>
                  </EntityHealthStatus>
                  <Location>
                    <GeodeticCoordinate>
                      <Latitude>58.582053</Latitude>
                      <Longitude>16.249418</Longitude>
                    </GeodeticCoordinate>
                  </Location>
                </PhysicalState>
              </CurrentState>
              <APP6CSymbol>
                  <APP6C-SIDC>SFGPUCI----D---</APP6C-SIDC>
              </APP6CSymbol>
              <Name>1BnCHQ</Name>
              <SISOEntityType>
                  <DISCategory>5</DISCategory>
                  <DISCountry>225</DISCountry>
                  <DISDomain>1</DISDomain>
                  <DISExtra>0</DISExtra>
                  <DISKind>0</DISKind>
                  <DISSpecific>0</DISSpecific>
                  <DISSubCategory>20</DISSubCategory>
              </SISOEntityType>
              <UUID>00000000-0001-0001-1130-000000000000</UUID>
              <EchelonCode>PLT</EchelonCode>
            </Unit></MilitaryOrganization>
          </CollectiveEntity>
        </ActorEntity>
      </Entity>
      
      <Entity>
        <ActorEntity>
          <CollectiveEntity>
            <MilitaryOrganization><Unit>
              <EntityDescriptor>
                <Side>00000000-0001-0000-0000-000000000000</Side>
                <Superior>00000000-0001-0001-1130-000000000000</Superior>
              </EntityDescriptor>
              <CurrentState>
                <PhysicalState>
                  <EntityHealthStatus>
                    <OperationalStatus>
                      <OperationalStatusCode>FullyOperational</OperationalStatusCode>
                    </OperationalStatus>
                  </EntityHealthStatus>
                  <Location>
                    <GeodeticCoordinate>
                      <Latitude>58.582053</Latitude>
                      <Longitude>16.249418</Longitude>
                    </GeodeticCoordinate>
                  </Location>
                </PhysicalState>
              </CurrentState>
              <APP6CSymbol>
                  <APP6C-SIDC>SFGPUCI----D---</APP6C-SIDC>
              </APP6CSymbol>
              <Name>1BnCp1</Name>
              <SISOEntityType>
                  <DISCategory>3</DISCategory>
                  <DISCountry>71</DISCountry>
                  <DISDomain>1</DISDomain>
                  <DISExtra>0</DISExtra>
                  <DISKind>0</DISKind>
                  <DISSpecific>0</DISSpecific>
                  <DISSubCategory>2</DISSubCategory>
              </SISOEntityType>
              <UUID>00000000-0001-0001-1131-000000000000</UUID>
              <EchelonCode>PLT</EchelonCode>
            </Unit></MilitaryOrganization>
          </CollectiveEntity>
        </ActorEntity>
      </Entity>
      
      <Entity>
        <ActorEntity>
          <CollectiveEntity>
            <MilitaryOrganization><Unit>
              <EntityDescriptor>
                <Side>00000000-0001-0000-0000-000000000000</Side>
                <Superior>00000000-0001-0001-1130-000000000000</Superior>
              </EntityDescriptor>
              <CurrentState>
                <PhysicalState>
                  <EntityHealthStatus>
                    <OperationalStatus>
                      <OperationalStatusCode>FullyOperational</OperationalStatusCode>
                    </OperationalStatus>
                  </EntityHealthStatus>
                  <Location>
                    <GeodeticCoordinate>
                      <Latitude>58.582053</Latitude>
                      <Longitude>16.249418</Longitude>
                    </GeodeticCoordinate>
                  </Location>
                </PhysicalState>
              </CurrentState>
              <APP6CSymbol>
                  <APP6C-SIDC>SFGPUCI----D---</APP6C-SIDC>
              </APP6CSymbol>
              <Name>1BnCp2</Name>
              <SISOEntityType>
                  <DISCategory>3</DISCategory>
                  <DISCountry>225</DISCountry>
                  <DISDomain>1</DISDomain>
                  <DISExtra>0</DISExtra>
                  <DISKind>0</DISKind>
                  <DISSpecific>0</DISSpecific>
                  <DISSubCategory>2</DISSubCategory>
              </SISOEntityType>
              <UUID>00000000-0001-0001-1132-000000000000</UUID>
              <EchelonCode>PLT</EchelonCode>
            </Unit></MilitaryOrganization>
          </CollectiveEntity>
        </ActorEntity>
      </Entity>
      
      <Entity>
        <ActorEntity>
          <CollectiveEntity>
            <MilitaryOrganization><Unit>
              <EntityDescriptor>
                <Side>00000000-0001-0000-0000-000000000000</Side>
                <Superior>00000000-0001-0001-1130-000000000000</Superior>
              </EntityDescriptor>
              <CurrentState>
                <PhysicalState>
                  <EntityHealthStatus>
                    <OperationalStatus>
                      <OperationalStatusCode>FullyOperational</OperationalStatusCode>
                    </OperationalStatus>
                  </EntityHealthStatus>
                  <Location>
                    <GeodeticCoordinate>
                      <Latitude>58.582053</Latitude>
                      <Longitude>16.249418</Longitude>
                    </GeodeticCoordinate>
                  </Location>
                </PhysicalState>
              </CurrentState>
              <APP6CSymbol>
                  <APP6C-SIDC>SFGPUCI----D---</APP6C-SIDC>
              </APP6CSymbol>
              <Name>1BnCp3</Name>
              <SISOEntityType>
                  <DISCategory>3</DISCategory>
                  <DISCountry>71</DISCountry>
                  <DISDomain>1</DISDomain>
                  <DISExtra>0</DISExtra>
                  <DISKind>0</DISKind>
                  <DISSpecific>0</DISSpecific>
                  <DISSubCategory>2</DISSubCategory>
              </SISOEntityType>
              <UUID>00000000-0001-0001-1133-000000000000</UUID>
              <EchelonCode>PLT</EchelonCode>
            </Unit></MilitaryOrganization>
          </CollectiveEntity>
        </ActorEntity>
      </Entity>
      
      <Entity> 
        <ActorEntity>
          <CollectiveEntity>
            <MilitaryOrganization><Unit>
              <EntityDescriptor>
                <Side>00000000-0001-0000-0000-000000000000</Side>
                <Superior>00000000-0001-0001-1400-000000000000</Superior>
              </EntityDescriptor>
              <CurrentState>
                <PhysicalState>
                  <EntityHealthStatus>
                    <OperationalStatus>
                      <OperationalStatusCode>FullyOperational</OperationalStatusCode>
                    </OperationalStatus>
                  </EntityHealthStatus>
                  <Location>
                    <GeodeticCoordinate>
                      <Latitude>58.586727</Latitude>
                      <Longitude>16.249418</Longitude>
                    </GeodeticCoordinate>
                  </Location>
                </PhysicalState>
              </CurrentState>
              <APP6CSymbol>
                  <APP6C-SIDC>SFGPUCVRA------</APP6C-SIDC>
              </APP6CSymbol>
              <Name>AH6a</Name>
              <SISOEntityType>
                  <DISCategory>25</DISCategory>
                  <DISCountry>225</DISCountry>
                  <DISDomain>2</DISDomain>
                  <DISExtra>0</DISExtra>
                  <DISKind>1</DISKind>
                  <DISSpecific>2</DISSpecific>
                  <DISSubCategory>4</DISSubCategory>
              </SISOEntityType>
              <UUID>00000000-0001-0001-1421-000000000000</UUID>
              <EchelonCode>NOS</EchelonCode>
            </Unit></MilitaryOrganization>
          </CollectiveEntity>
        </ActorEntity>
      </Entity>
      
      <Entity> 
        <ActorEntity>
          <CollectiveEntity>
            <MilitaryOrganization><Unit>
              <EntityDescriptor>
                <Side>00000000-0001-0000-0000-000000000000</Side>
                <Superior>00000000-0001-0001-1400-000000000000</Superior>
              </EntityDescriptor>
              <CurrentState>
                <PhysicalState>
                  <EntityHealthStatus>
                    <OperationalStatus>
                      <OperationalStatusCode>FullyOperational</OperationalStatusCode>
                    </OperationalStatus>
                  </EntityHealthStatus>
                  <Location>
                    <GeodeticCoordinate>
                      <Latitude>58.586730</Latitude>
                      <Longitude>16.2495</Longitude>
                    </GeodeticCoordinate>
                  </Location>
                </PhysicalState>
              </CurrentState>
              <APP6CSymbol>
                  <APP6C-SIDC>SFAPMFQ--------</APP6C-SIDC>
              </APP6CSymbol>
              <Name>AH6b</Name>
              <SISOEntityType>
                  <DISCategory>25</DISCategory>
                  <DISCountry>225</DISCountry>
                  <DISDomain>2</DISDomain>
                  <DISExtra>0</DISExtra>
                  <DISKind>1</DISKind>
                  <DISSpecific>2</DISSpecific>
                  <DISSubCategory>4</DISSubCategory>
              </SISOEntityType>
              <UUID>00000000-0001-0001-1422-000000000000</UUID>
              <EchelonCode>NOS</EchelonCode>
            </Unit></MilitaryOrganization>
          </CollectiveEntity>
        </ActorEntity>
      </Entity>
      
      <Entity>
        <ActorEntity>
          <CollectiveEntity>
            <MilitaryOrganization><Unit>
              <EntityDescriptor>
                <Side>00000000-0001-0000-0000-000000000000</Side>
                <Superior>00000000-0001-0001-1400-000000000000</Superior>
              </EntityDescriptor>
              <CurrentState>
                <PhysicalState>
                  <EntityHealthStatus>
                    <OperationalStatus>
                      <OperationalStatusCode>FullyOperational</OperationalStatusCode>
                    </OperationalStatus>
                  </EntityHealthStatus>
                  <Location>
                    <GeodeticCoordinate>
                      <Latitude>58.586727</Latitude>
                      <Longitude>16.249418</Longitude>
                    </GeodeticCoordinate>
                  </Location>
                </PhysicalState>
              </CurrentState>
              <APP6CSymbol>
                  <APP6C-SIDC>SFAPMFQ---**--*</APP6C-SIDC>
              </APP6CSymbol>
              <Name>UAS1</Name>
              <SISOEntityType>
                  <DISCategory>50</DISCategory>
                  <DISCountry>71</DISCountry>
                  <DISDomain>2</DISDomain>
                  <DISExtra>0</DISExtra>
                  <DISKind>1</DISKind>
                  <DISSpecific>1</DISSpecific>
                  <DISSubCategory>6</DISSubCategory>
              </SISOEntityType>
              <UUID>00000000-0001-0001-1431-000000000000</UUID>
              <EchelonCode>NOS</EchelonCode>
            </Unit></MilitaryOrganization>
          </CollectiveEntity>
        </ActorEntity>
      </Entity>
      
      <Entity>
        <ActorEntity>
          <CollectiveEntity>
            <MilitaryOrganization><Unit>
              <EntityDescriptor>
                <Side>00000000-0001-0000-0000-000000000000</Side>
                <Superior>00000000-0001-0001-1400-000000000000</Superior>
              </EntityDescriptor>
              <CurrentState>
                <PhysicalState>
                  <EntityHealthStatus>
                    <OperationalStatus>
                      <OperationalStatusCode>FullyOperational</OperationalStatusCode>
                    </OperationalStatus>
                  </EntityHealthStatus>
                  <Location>
                    <GeodeticCoordinate>
                      <Latitude>58.586727</Latitude>
                      <Longitude>16.249418</Longitude>
                    </GeodeticCoordinate>
                  </Location>
                </PhysicalState>
              </CurrentState>
              <APP6CSymbol>
                  <APP6C-SIDC>SFAPMFQ---**--*</APP6C-SIDC>
              </APP6CSymbol>
              <Name>UAS2</Name>
              <SISOEntityType>
                  <DISCategory>50</DISCategory>
                  <DISCountry>71</DISCountry>
                  <DISDomain>2</DISDomain>
                  <DISExtra>0</DISExtra>
                  <DISKind>1</DISKind>
                  <DISSpecific>1</DISSpecific>
                  <DISSubCategory>6</DISSubCategory>
              </SISOEntityType>
              <UUID>00000000-0001-0001-1432-000000000000</UUID>
              <EchelonCode>NOS</EchelonCode>
            </Unit></MilitaryOrganization>
          </CollectiveEntity>
        </ActorEntity>
      </Entity>
      
      <Entity>
        <ActorEntity>
          <CollectiveEntity>
            <MilitaryOrganization><Unit>
              <EntityDescriptor>
                <Side>00000000-0001-0000-0000-000000000000</Side>
                <Superior>00000000-0001-0001-1400-000000000000</Superior>
              </EntityDescriptor>
              <CurrentState>
                <PhysicalState>
                  <EntityHealthStatus>
                    <OperationalStatus>
                      <OperationalStatusCode>FullyOperational</OperationalStatusCode>
                    </OperationalStatus>
                  </EntityHealthStatus>
                  <Location>
                    <GeodeticCoordinate>
                      <Latitude>58.586727</Latitude>
                      <Longitude>16.249418</Longitude>
                    </GeodeticCoordinate>
                  </Location>
                </PhysicalState>
              </CurrentState>
              <APP6CSymbol>
                  <APP6C-SIDC>SFAPMFQ---**--*</APP6C-SIDC>
              </APP6CSymbol>
              <Name>UAS3</Name>
              <SISOEntityType>
                  <DISCategory>50</DISCategory>
                  <DISCountry>71</DISCountry>
                  <DISDomain>2</DISDomain>
                  <DISExtra>0</DISExtra>
                  <DISKind>1</DISKind>
                  <DISSpecific>1</DISSpecific>
                  <DISSubCategory>6</DISSubCategory>
              </SISOEntityType>
              <UUID>00000000-0001-0001-1433-000000000000</UUID>
              <EchelonCode>NOS</EchelonCode>
            </Unit></MilitaryOrganization>
          </CollectiveEntity>
        </ActorEntity>
      </Entity>
      
      <Entity>
        <ActorEntity>
          <CollectiveEntity>
            <MilitaryOrganization><Unit>
              <EntityDescriptor>
                <Side>00000000-0001-0000-0000-000000000000</Side>
                <Superior>00000000-0001-0001-1400-000000000000</Superior>
              </EntityDescriptor>
              <CurrentState>
                <PhysicalState>
                  <EntityHealthStatus>
                    <OperationalStatus>
                      <OperationalStatusCode>FullyOperational</OperationalStatusCode>
                    </OperationalStatus>
                  </EntityHealthStatus>
                  <Location>
                    <GeodeticCoordinate>
                      <Latitude>58.586727</Latitude>
                      <Longitude>16.249418</Longitude>
                    </GeodeticCoordinate>
                  </Location>
                </PhysicalState>
              </CurrentState>
              <APP6CSymbol>
                  <APP6C-SIDC>SFAPMFQ---**--*</APP6C-SIDC>
              </APP6CSymbol>
              <Name>UAS4</Name>
              <SISOEntityType>
                  <DISCategory>50</DISCategory>
                  <DISCountry>225</DISCountry>
                  <DISDomain>2</DISDomain>
                  <DISExtra>0</DISExtra>
                  <DISKind>1</DISKind>
                  <DISSpecific>1</DISSpecific>
                  <DISSubCategory>6</DISSubCategory>
              </SISOEntityType>
              <UUID>00000000-0001-0001-1434-000000000000</UUID>
              <EchelonCode>NOS</EchelonCode>
            </Unit></MilitaryOrganization>
          </CollectiveEntity>
        </ActorEntity>
      </Entity>
      
      <Entity>
        <ActorEntity>
          <CollectiveEntity>
            <MilitaryOrganization><Unit>
              <EntityDescriptor>
                <Side>00000000-0001-0000-0000-000000000000</Side>
                <Superior>00000000-0001-0001-1400-000000000000</Superior>
              </EntityDescriptor>
              <CurrentState>
                <PhysicalState>
                  <EntityHealthStatus>
                    <OperationalStatus>
                      <OperationalStatusCode>FullyOperational</OperationalStatusCode>
                    </OperationalStatus>
                  </EntityHealthStatus>
                  <Location>
                    <GeodeticCoordinate>
                      <Latitude>58.586727</Latitude>
                      <Longitude>16.249418</Longitude>
                    </GeodeticCoordinate>
                  </Location>
                </PhysicalState>
              </CurrentState>
              <APP6CSymbol>
                  <APP6C-SIDC>SFAPMFQ---**--*</APP6C-SIDC>
              </APP6CSymbol>
              <Name>UAS5</Name>
              <SISOEntityType>
                  <DISCategory>50</DISCategory>
                  <DISCountry>225</DISCountry>
                  <DISDomain>2</DISDomain>
                  <DISExtra>0</DISExtra>
                  <DISKind>1</DISKind>
                  <DISSpecific>1</DISSpecific>
                  <DISSubCategory>4</DISSubCategory>
              </SISOEntityType>
              <UUID>00000000-0001-0001-1435-000000000000</UUID>
              <EchelonCode>NOS</EchelonCode>
            </Unit></MilitaryOrganization>
          </CollectiveEntity>
        </ActorEntity>
      </Entity>
      
      <Entity>
        <ActorEntity>
          <CollectiveEntity>
            <MilitaryOrganization><Unit>
              <EntityDescriptor>
                <Side>00000000-0001-0000-0000-000000000000</Side>
                <Superior>00000000-0001-0001-1400-000000000000</Superior>
              </EntityDescriptor>
              <CurrentState>
                <PhysicalState>
                  <EntityHealthStatus>
                    <OperationalStatus>
                      <OperationalStatusCode>FullyOperational</OperationalStatusCode>
                    </OperationalStatus>
                  </EntityHealthStatus>
                  <Location>
                    <GeodeticCoordinate>
                      <Latitude>58.586727</Latitude>
                      <Longitude>16.249418</Longitude>
                    </GeodeticCoordinate>
                  </Location>
                </PhysicalState>
              </CurrentState>
              <APP6CSymbol>
                  <APP6C-SIDC>SFAPMFQ---**--*</APP6C-SIDC>
              </APP6CSymbol>
              <Name>UAS6</Name>
              <SISOEntityType>
                  <DISCategory>50</DISCategory>
                  <DISCountry>225</DISCountry>
                  <DISDomain>2</DISDomain>
                  <DISExtra>0</DISExtra>
                  <DISKind>1</DISKind>
                  <DISSpecific>1</DISSpecific>
                  <DISSubCategory>4</DISSubCategory>
              </SISOEntityType>
              <UUID>00000000-0001-0001-1436-000000000000</UUID>
              <EchelonCode>NOS</EchelonCode>
            </Unit></MilitaryOrganization>
          </CollectiveEntity>
        </ActorEntity>
      </Entity>
      
      <Entity> 
        <ActorEntity>
          <CollectiveEntity>
            <MilitaryOrganization><Unit>
              <EntityDescriptor>
                <Side>00000000-0001-0000-0000-000000000000</Side>
                <Superior>00000000-0001-0001-1011-000000000000</Superior>
              </EntityDescriptor>
              <CurrentState>
                <PhysicalState>
                  <EntityHealthStatus>
                    <OperationalStatus>
                      <OperationalStatusCode>FullyOperational</OperationalStatusCode>
                    </OperationalStatus>
                  </EntityHealthStatus>
                  <Location>
                    <GeodeticCoordinate>
                      <Latitude>58.645</Latitude>
                      <Longitude>16.53</Longitude>
                    </GeodeticCoordinate>
                  </Location>
                </PhysicalState>
              </CurrentState>
              <APP6CSymbol>
                <APP6C-SIDC>SFSPCP---------</APP6C-SIDC>
              </APP6CSymbol>
              <Name>USAboat4</Name>
              <SISOEntityType>
                  <DISCategory>62</DISCategory>
                  <DISCountry>225</DISCountry>
                  <DISDomain>3</DISDomain>
                  <DISExtra>0</DISExtra>
                  <DISKind>1</DISKind>
                  <DISSpecific>13</DISSpecific>
                  <DISSubCategory>6</DISSubCategory>
              </SISOEntityType>
              <UUID>00000000-0007-0001-0030-000000000000</UUID>
              <EchelonCode>NOS</EchelonCode>
            </Unit></MilitaryOrganization>
          </CollectiveEntity>
        </ActorEntity>
      </Entity>
      
      <Entity> 
        <PhysicalEntity>
          <MapGraphic>
            <TacticalGraphic>
              <Point>
                <Name>SP-ORANGE</Name>
                <NamedEntityType>
                  <EntityTypeName>POINT</EntityTypeName>
                  <EntityTypeNamespace>TBD</EntityTypeNamespace>
                </NamedEntityType>
                <UUID>00000000-0001-0001-1000-000000000001</UUID>
                <CurrentState>
                  <PhysicalState>
                    <Location><GeodeticCoordinate>
                      <Latitude>58.637863</Latitude>
                      <Longitude>16.162447</Longitude>
                    </GeodeticCoordinate></Location>
                  </PhysicalState>
                </CurrentState>
              </Point>
            </TacticalGraphic>
          </MapGraphic>
        </PhysicalEntity>
      </Entity>
      
      <Entity>
        <PhysicalEntity>
          <MapGraphic>
            <TacticalGraphic>
              <Line>
                <Route>
                  <Name>RT-ORANGE</Name>
                  <NamedEntityType>
                    <EntityTypeName>ROUTE</EntityTypeName>
                    <EntityTypeNamespace>TBD</EntityTypeNamespace>
                  </NamedEntityType>
                  <UUID>00000000-0001-0001-1000-000000000002</UUID> 
                  <CurrentState>
                    <PhysicalState>
                      <Location><GeodeticCoordinate>
                        <Latitude>58.637863</Latitude>
                        <Longitude>16.162447</Longitude>
                      </GeodeticCoordinate></Location>
                      <Location><GeodeticCoordinate>
                        <Latitude>58.689722</Latitude>
                        <Longitude>16.334464</Longitude>
                      </GeodeticCoordinate></Location>
                      <Location><GeodeticCoordinate>
                        <Latitude>58.742441</Latitude>
                        <Longitude>16.467883</Longitude>
                      </GeodeticCoordinate></Location>
                      <Location><GeodeticCoordinate>
                        <Latitude>58.75421</Latitude>
                        <Longitude>16.736337</Longitude>
                      </GeodeticCoordinate></Location>
                      <Location><GeodeticCoordinate>
                        <Latitude>58.745235</Latitude>
                        <Longitude>16.939855</Longitude>
                      </GeodeticCoordinate></Location>
                    </PhysicalState>
                  </CurrentState>
                </Route>
              </Line>
            </TacticalGraphic>
          </MapGraphic>
        </PhysicalEntity>
      </Entity>
      
      <Entity>
        <PhysicalEntity>
          <MapGraphic>
            <TacticalGraphic>
              <Point>
                <Name>RP-ORANGE</Name>
                <NamedEntityType>
                  <EntityTypeName>POINT</EntityTypeName>
                  <EntityTypeNamespace>TBD</EntityTypeNamespace>
                </NamedEntityType>
                <UUID>00000000-0001-0001-1000-000000000003</UUID>
                <CurrentState>
                  <PhysicalState>
                    <Location><GeodeticCoordinate>
                      <Latitude>58.745235</Latitude>
                      <Longitude>16.939855</Longitude>
                    </GeodeticCoordinate></Location>
                  </PhysicalState>
                </CurrentState>           
              </Point>
            </TacticalGraphic>
          </MapGraphic>
        </PhysicalEntity>
      </Entity>
      
      <Entity>
        <PhysicalEntity>
          <MapGraphic>
            <TacticalGraphic>
              <Point>
                <Name>SP-PEACH</Name>
                <NamedEntityType>
                  <EntityTypeName>POINT</EntityTypeName>
                  <EntityTypeNamespace>TBD</EntityTypeNamespace>
                </NamedEntityType>
                <UUID>00000000-0001-0001-1000-000000000004</UUID>
                <CurrentState>
                  <PhysicalState>
                    <Location><GeodeticCoordinate>
                      <Latitude>58.582991</Latitude>
                      <Longitude>16.142852</Longitude>
                    </GeodeticCoordinate></Location>
                  </PhysicalState>
                </CurrentState>           
              </Point>
            </TacticalGraphic>
          </MapGraphic>
        </PhysicalEntity>
      </Entity>
      
      <Entity>
        <PhysicalEntity>
          <MapGraphic>
            <TacticalGraphic>
              <Line>
                <Route>
                  <Name>RT-PEACH</Name>
                  <NamedEntityType>
                    <EntityTypeName>ROUTE</EntityTypeName>
                    <EntityTypeNamespace>TBD</EntityTypeNamespace>
                  </NamedEntityType>
                  <UUID>00000000-0001-0001-1000-000000000005</UUID>
                  <CurrentState>
                    <PhysicalState>
                      <Location><GeodeticCoordinate>
                        <Latitude>58.582991</Latitude>
                        <Longitude>16.142852</Longitude>
                      </GeodeticCoordinate></Location>
                      <Location><GeodeticCoordinate>
                        <Latitude>58.575546</Latitude>
                        <Longitude>16.097337</Longitude>
                      </GeodeticCoordinate></Location>
                      <Location><GeodeticCoordinate>
                        <Latitude>58.551243</Latitude>
                        <Longitude>16.053213</Longitude>
                      </GeodeticCoordinate></Location>
                      <Location><GeodeticCoordinate>
                        <Latitude>58.455422</Latitude>
                        <Longitude>16.775393</Longitude>
                      </GeodeticCoordinate></Location>
                      <Location><GeodeticCoordinate>
                        <Latitude>58.441699</Latitude>
                        <Longitude>16.714145</Longitude>
                      </GeodeticCoordinate></Location>
                      <Location><GeodeticCoordinate>
                        <Latitude>58.434112</Latitude>
                        <Longitude>16.682943</Longitude>
                      </GeodeticCoordinate></Location>
                    </PhysicalState>
                  </CurrentState>
                </Route>
              </Line>
            </TacticalGraphic>
          </MapGraphic>
        </PhysicalEntity>
      </Entity>
      
      <Entity>
        <PhysicalEntity>
          <MapGraphic>
            <TacticalGraphic>
              <Point>
                <Name>RP-PEACH</Name>
                <NamedEntityType>
                  <EntityTypeName>POINT</EntityTypeName>
                  <EntityTypeNamespace>TBD</EntityTypeNamespace>
                </NamedEntityType>
                <UUID>00000000-0001-0001-1000-000000000006</UUID>
                <CurrentState>
                  <PhysicalState>
                    <Location><GeodeticCoordinate>
                      <Latitude>58.673917</Latitude>
                      <Longitude>16.266833</Longitude>
                    </GeodeticCoordinate></Location>
                  </PhysicalState>
                </CurrentState>           
              </Point>
            </TacticalGraphic>
          </MapGraphic>
        </PhysicalEntity>
      </Entity>
      
      <Entity>
        <PhysicalEntity>
          <MapGraphic>
            <TacticalGraphic>
              <Point>
                <Name>FOB-EAGLE</Name>
                <NamedEntityType>
                  <EntityTypeName>FORWARD-OPERATING-BASE</EntityTypeName>
                  <EntityTypeNamespace>TBD</EntityTypeNamespace>
                </NamedEntityType>
                <UUID>00000000-0001-0001-1000-000000000007</UUID>
                <CurrentState>
                  <PhysicalState>
                    <Location><GeodeticCoordinate>
                      <Latitude>58.600734</Latitude>
                      <Longitude>16.178198</Longitude>
                    </GeodeticCoordinate></Location>
                  </PhysicalState>
                </CurrentState>       
              </Point>
            </TacticalGraphic>
          </MapGraphic>
        </PhysicalEntity>
      </Entity>
      
      <Entity>
        <PhysicalEntity>
          <MapGraphic>
            <TacticalGraphic>
              <Point>
                <Name>FOB-HAWK</Name>
                <NamedEntityType>
                  <EntityTypeName>FORWARD-OPERATING-BASE</EntityTypeName>
                  <EntityTypeNamespace>TBD</EntityTypeNamespace>
                </NamedEntityType>
                <UUID>00000000-0001-0001-1000-000000000008</UUID>
                <CurrentState>
                  <PhysicalState>
                    <Location><GeodeticCoordinate>
                      <Latitude>58.43207</Latitude>
                      <Longitude>16.676511</Longitude>
                    </GeodeticCoordinate></Location>
                  </PhysicalState>
                </CurrentState>         
              </Point>
            </TacticalGraphic>
          </MapGraphic>
        </PhysicalEntity>
      </Entity>
      
      <Entity>
        <PhysicalEntity>
          <MapGraphic>
            <TacticalGraphic>
              <Point>
                <Name>FOB-FALCON</Name>
                <NamedEntityType>
                  <EntityTypeName>FORWARD-OPERATING-BASE</EntityTypeName>
                  <EntityTypeNamespace>TBD</EntityTypeNamespace>
                </NamedEntityType>
                <UUID>00000000-0001-0001-1000-000000000009</UUID>
                <CurrentState>
                  <PhysicalState>
                    <Location><GeodeticCoordinate>
                      <Latitude>58.734342</Latitude>
                      <Longitude>17.001257</Longitude>
                    </GeodeticCoordinate></Location>
                  </PhysicalState>
                </CurrentState>               
              </Point>
            </TacticalGraphic>
          </MapGraphic>
        </PhysicalEntity>
      </Entity>
      
      <Entity>
        <PhysicalEntity>
          <MapGraphic>
            <TacticalGraphic>
              <Point>
                <Name>OP-CHICK</Name>
                <NamedEntityType>
                  <EntityTypeName>POINT</EntityTypeName>
                  <EntityTypeNamespace>TBD</EntityTypeNamespace>
                </NamedEntityType>
                <UUID>00000000-0001-0001-1000-000000000010</UUID>
                  <CurrentState>
                    <PhysicalState>
                      <Location><GeodeticCoordinate>
                        <Latitude>58.673917</Latitude>
                        <Longitude>16.266833</Longitude>
                      </GeodeticCoordinate></Location>
                    </PhysicalState>
                  </CurrentState>           
              </Point>
            </TacticalGraphic>
          </MapGraphic>
        </PhysicalEntity>
      </Entity>
      
      <Entity>
        <PhysicalEntity>
          <MapGraphic>
            <TacticalGraphic>
              <Point>
                <Name>DP-1</Name>
                <NamedEntityType>
                  <EntityTypeName>DECISION-POINT</EntityTypeName>
                  <EntityTypeNamespace>TBD</EntityTypeNamespace>
                </NamedEntityType>
                <UUID>00000000-0001-0001-1000-000000000011</UUID>
                  <CurrentState>
                    <PhysicalState>
                      <Location><GeodeticCoordinate>
                        <Latitude>58.673917</Latitude>
                        <Longitude>16.266833</Longitude>
                      </GeodeticCoordinate></Location>
                    </PhysicalState>
                  </CurrentState>                
              </Point>
            </TacticalGraphic>
          </MapGraphic>
        </PhysicalEntity>
      </Entity>
      
      <Entity>
        <PhysicalEntity>
          <MapGraphic>
            <TacticalGraphic>
              <TacticalArea>
                  <Name>AI-301</Name>
                  <NamedEntityType>
                    <EntityTypeName>NAMED-AREA-OF-INTEREST</EntityTypeName>
                    <EntityTypeNamespace>TBD</EntityTypeNamespace>
                  </NamedEntityType> 
                  <UUID>00000000-0001-0001-1000-000000000012</UUID>
                  <CurrentState>
                    <PhysicalState>
                      <Location><GeodeticCoordinate>
                        <Latitude>58.68936</Latitude>
                        <Longitude>16.303956</Longitude>
                      </GeodeticCoordinate></Location>
                      <Location><GeodeticCoordinate>
                        <Latitude>58.673464</Latitude>
                        <Longitude>16.309383</Longitude>
                      </GeodeticCoordinate></Location>
                    </PhysicalState>
                  </CurrentState>            
              </TacticalArea>
            </TacticalGraphic>
          </MapGraphic>
        </PhysicalEntity>
      </Entity>
      
      <PlanPhaseReference>00000000-0001-0001-1000-000000000013</PlanPhaseReference>
    </ObjectDefinitions>
    <ScenarioSetting>
      <DateTime>
        <IsoDateTime>0000-00-00T00:00:00Z</IsoDateTime>
      </DateTime>
      <Version>1</Version>
    </ScenarioSetting>
    <!-- Assignments of units to simulators -->
    <SystemEntityList>
      <!--iABG-KORA (3BnACoy)-->
      <ActorReference>00000000-0001-0001-1310-000000000000</ActorReference> <!-- 3BnACoy-->
      <ActorReference>00000000-0002-0007-1004-000000000000</ActorReference> <!-- OPFOR Krok -->
      <SystemName>DEU-KORA</SystemName>
    </SystemEntityList>
    <SystemEntityList>
      <!--FRA-SWORD (4BnBdeQRF)-->
      <ActorReference>00000000-0001-0001-1411-000000000000</ActorReference> <!-- 4BnBdeQRF -->
      <ActorReference>00000000-0002-0007-1014-000000000000</ActorReference> <!-- OPFOR NorC1 platform -->
      <SystemName>FRA-SWORD</SystemName>
    </SystemEntityList>
    <SystemEntityList>
      <!--SWE-ACTORS (3BnCCoy; 3BNHQ)-->
      <ActorReference>00000000-0001-0001-1300-000000000000</ActorReference> <!-- 3BNHQ -->
      <ActorReference>00000000-0002-0007-1013-000000000000</ActorReference> <!-- OPFOR OxeC3 platform -->
      <ActorReference>00000000-0002-0007-1003-000000000000</ActorReference> <!-- OPFOR OxeC3 -->
      <ActorReference>c38c5130-0c23-11ee-be56-0242ac120002</ActorReference> <!-- UAS-platform -->      
      <SystemName>SWE-ACTORS</SystemName>
    </SystemEntityList>
    <SystemEntityList>
      <!--Netherlands MOD VRForces (3BnBCoy)-->
      <ActorReference>00000000-0001-0001-1000-000000000000</ActorReference> <!-- BdeHQ -->
	  <ActorReference>00000000-0001-0001-1320-000000000000</ActorReference> <!-- 3BnBCoy-->
	  <ActorReference>730e9a12-f4b6-11ed-a05b-0242ac120003</ActorReference> <!-- 3BnBCoy-platform -->
      <ActorReference>00000000-0002-0007-1002-000000000000</ActorReference> <!-- OPFOR NykC2 -->
      <ActorReference>00000000-0002-0007-1012-000000000000</ActorReference> <!-- OPFOR NykC2 platform -->
	  <ActorReference>00000000-0001-0001-1330-000000000000</ActorReference> <!-- 3BnCCoy (previously Norwegian unit)-->
<ActorReference>e97d8dac-da1f-4a65-87ac-b94d2cb16c8c</ActorReference> <!-- 3BnCCoy-pf (previously Norwegian unit)-->
      <ActorReference>00000000-0002-0007-1015-000000000000</ActorReference> <!-- OPFOR Link platform (previously Norwegian unit) -->
      <SystemName>NLD-VRFORCES</SystemName>
    </SystemEntityList>
    <SystemEntityList>
       <ActorReference>00000000-0002-0007-1016-000000000000</ActorReference> <!-- OPFOR SBC8 platform (boat)-->
       <ActorReference>00000000-0001-0001-1110-000000000000</ActorReference> <!-- 1BnACoy-->
       <ActorReference>00000000-0001-0001-1431-000000000000</ActorReference> <!-- UAS1 -->
       <ActorReference>00000000-0007-0001-0030-000000000000</ActorReference> <!-- USABoat4 -->
       <SystemName>NPS</SystemName>
    </SystemEntityList>
    <SystemEntityList>
      <!-- forces not used in MR -->
      <!--OPFOR NorC1; NykC2; OxeC3; Krok; Link; SBC8)-->
      <ActorReference>00000000-0002-0007-1007-000000000000</ActorReference> <!-- OPFOR NorC1Soldier -->
      <ActorReference>00000000-0002-0007-1005-000000000000</ActorReference> <!-- OPFOR Link -->
      <ActorReference>00000000-0002-0007-1006-000000000000</ActorReference> <!-- OPFOR SBC8 -->
      <ActorReference>00000000-0002-0007-2000-000000000000</ActorReference> <!-- dummy parent red -->
       
      <!-- Friendly not used in MR -->
      <ActorReference>00000000-0001-0001-1100-000000000000</ActorReference> <!-- 1BnHQ -->
      <ActorReference>00000000-0001-0001-1120-000000000000</ActorReference> <!-- 1BnBCoy -->
      <ActorReference>00000000-0001-0001-1130-000000000000</ActorReference> <!-- 1BnCCoyHQ -->
      <ActorReference>00000000-0001-0001-1131-000000000000</ActorReference> <!-- 1BnCp1 -->
      <ActorReference>00000000-0001-0001-1132-000000000000</ActorReference> <!-- 1BnCp1 -->
      <ActorReference>00000000-0001-0001-1133-000000000000</ActorReference> <!-- 1BnCp1 -->
      <ActorReference>00000000-0001-0001-1200-000000000000</ActorReference> <!-- 2BnHQ -->
      <ActorReference>00000000-0001-0001-1210-000000000000</ActorReference> <!-- 2BnACoy -->
      <ActorReference>00000000-0001-0001-1220-000000000000</ActorReference> <!-- 2BnBCoy -->
      <ActorReference>00000000-0001-0001-1230-000000000000</ActorReference> <!-- 2BnCCoy -->
      <ActorReference>00000000-0001-0001-1400-000000000000</ActorReference> <!-- 4BnHq -->
      <ActorReference>00000000-0001-0001-1421-000000000000</ActorReference> <!-- AH6a -->
      <ActorReference>00000000-0001-0001-1422-000000000000</ActorReference> <!-- AH6b -->
      <ActorReference>00000000-0001-0001-1432-000000000000</ActorReference> <!-- UAS2 -->
      <ActorReference>00000000-0001-0001-1433-000000000000</ActorReference> <!-- UAS3 -->
      <ActorReference>00000000-0001-0001-1434-000000000000</ActorReference> <!-- UAS4 -->
      <ActorReference>00000000-0001-0001-1435-000000000000</ActorReference> <!-- UAS5 -->
      <ActorReference>00000000-0001-0001-1436-000000000000</ActorReference> <!-- UAS6 -->
      <SystemName>NOTUSED</SystemName>
    </SystemEntityList> 
  </C2SIMInitializationBody>
</MessageBody>