<?xml version="1.0" encoding="utf-8"?>
<MessageBody xmlns:xsi="http://www.w3.org/2001/XMLSchema-instance" xmlns:xsd="http://www.w3.org/2001/XMLSchema" xmlns="http://www.sisostds.org/schemas/C2SIM/1.1">
  <C2SIMInitializationBody>
    <ObjectDefinitions>
      <AbstractObject>
        <ForceSide>
          <Name>Friendly</Name>
          <UUID>00000000-0000-0001-0000-000000000000</UUID>
          <ForceSideRelation>
            <HostilityStatusCode>HO</HostilityStatusCode>
            <OtherSide>00000000-0000-0002-0000-000000000000</OtherSide>
          </ForceSideRelation>
          <ForceSideRelation>
            <HostilityStatusCode>NEUTRL</HostilityStatusCode>
            <OtherSide>00000000-0000-0003-0000-000000000000</OtherSide>
          </ForceSideRelation>
        </ForceSide>
      </AbstractObject>
      <AbstractObject>
        <ForceSide>
          <Name>Hostile</Name>
          <UUID>00000000-0000-0002-0000-000000000000</UUID>
          <ForceSideRelation>
            <HostilityStatusCode>HO</HostilityStatusCode>
            <OtherSide>00000000-0000-0001-0000-000000000000</OtherSide>
          </ForceSideRelation>
          <ForceSideRelation>
            <HostilityStatusCode>NEUTRL</HostilityStatusCode>
            <OtherSide>00000000-0000-0003-0000-000000000000</OtherSide>
          </ForceSideRelation>
        </ForceSide>
      </AbstractObject>
      <AbstractObject>
        <ForceSide>
          <Name>Neutral</Name>
          <UUID>00000000-0000-0003-0000-000000000000</UUID>
          <ForceSideRelation>
            <HostilityStatusCode>NEUTRL</HostilityStatusCode>
            <OtherSide>00000000-0000-0001-0000-000000000000</OtherSide>
          </ForceSideRelation>
          <ForceSideRelation>
            <HostilityStatusCode>NEUTRL</HostilityStatusCode>
            <OtherSide>00000000-0000-0002-0000-000000000000</OtherSide>
          </ForceSideRelation>
        </ForceSide>
      </AbstractObject>
      <Entity>
        <ActorEntity>
          <CollectiveEntity>
            <MilitaryOrganization>
              <Unit>
                <EntityDescriptor>
                  <Side>00000000-0000-0001-0000-000000000000</Side>
                </EntityDescriptor>
                <CurrentState>
                  <PhysicalState>
                    <EntityHealthStatus>
                      <OperationalStatus>
                        <OperationalStatusCode>FullyOperational</OperationalStatusCode>
                      </OperationalStatus>
                    </EntityHealthStatus>
                    <Location>
                      <GeodeticCoordinate>
                        <Latitude>58.7369198173724</Latitude>
                        <Longitude>16.3287564598879</Longitude>
                      </GeodeticCoordinate>
                    </Location>
                  </PhysicalState>
                </CurrentState>
                <APP6CSymbol>
                  <APP6C-SIDC>SFGPUCIZ---F---</APP6C-SIDC>
                </APP6CSymbol>
                <Name>11</Name>
                <SISOEntityType>
                  <DISCategory>0</DISCategory>
                  <DISCountry>0</DISCountry>
                  <DISDomain>0</DISDomain>
                  <DISExtra>0</DISExtra>
                  <DISKind>0</DISKind>
                  <DISSpecific>0</DISSpecific>
                  <DISSubCategory>0</DISSubCategory>
                </SISOEntityType>
                <UUID>c9431575-422d-417f-8dd8-23efa32d7a85</UUID>
                <EchelonCode>BN</EchelonCode>
              </Unit>
            </MilitaryOrganization>
          </CollectiveEntity>
        </ActorEntity>
      </Entity>
      <Entity>
        <ActorEntity>
          <CollectiveEntity>
            <MilitaryOrganization>
              <Unit>
                <EntityDescriptor>
                  <Side>00000000-0000-0001-0000-000000000000</Side>
                </EntityDescriptor>
                <CurrentState>
                  <PhysicalState>
                    <EntityHealthStatus>
                      <OperationalStatus>
                        <OperationalStatusCode>FullyOperational</OperationalStatusCode>
                      </OperationalStatus>
                    </EntityHealthStatus>
                    <Location>
                      <GeodeticCoordinate>
                        <Latitude>58.7140305226868</Latitude>
                        <Longitude>16.2380967614555</Longitude>
                      </GeodeticCoordinate>
                    </Location>
                  </PhysicalState>
                </CurrentState>
                <APP6CSymbol>
                  <APP6C-SIDC>SFGPUCFH---F---</APP6C-SIDC>
                </APP6CSymbol>
                <Name>15</Name>
                <SISOEntityType>
                  <DISCategory>0</DISCategory>
                  <DISCountry>0</DISCountry>
                  <DISDomain>0</DISDomain>
                  <DISExtra>0</DISExtra>
                  <DISKind>0</DISKind>
                  <DISSpecific>0</DISSpecific>
                  <DISSubCategory>0</DISSubCategory>
                </SISOEntityType>
                <UUID>be51e9a2-7939-4116-82fd-0fe5add444d8</UUID>
                <EchelonCode>BN</EchelonCode>
              </Unit>
            </MilitaryOrganization>
          </CollectiveEntity>
        </ActorEntity>
      </Entity>
      <Entity>
        <ActorEntity>
          <CollectiveEntity>
            <MilitaryOrganization>
              <Unit>
                <EntityDescriptor>
                  <Side>00000000-0000-0001-0000-000000000000</Side>
                </EntityDescriptor>
                <CurrentState>
                  <PhysicalState>
                    <EntityHealthStatus>
                      <OperationalStatus>
                        <OperationalStatusCode>FullyOperational</OperationalStatusCode>
                      </OperationalStatus>
                    </EntityHealthStatus>
                    <Location>
                      <GeodeticCoordinate>
                        <Latitude>58.6965182272783</Latitude>
                        <Longitude>16.3251906668329</Longitude>
                      </GeodeticCoordinate>
                    </Location>
                  </PhysicalState>
                </CurrentState>
                <APP6CSymbol>
                  <APP6C-SIDC>SFGPUH----AH---</APP6C-SIDC>
                </APP6CSymbol>
                <Name>1</Name>
                <SISOEntityType>
                  <DISCategory>0</DISCategory>
                  <DISCountry>0</DISCountry>
                  <DISDomain>0</DISDomain>
                  <DISExtra>0</DISExtra>
                  <DISKind>0</DISKind>
                  <DISSpecific>0</DISSpecific>
                  <DISSubCategory>0</DISSubCategory>
                </SISOEntityType>
                <UUID>f1f15e23-5a36-46b8-a5e4-fc7f41fc8904</UUID>
                <EchelonCode>BDE</EchelonCode>
              </Unit>
            </MilitaryOrganization>
          </CollectiveEntity>
        </ActorEntity>
      </Entity>
      <Entity>
        <ActorEntity>
          <CollectiveEntity>
            <MilitaryOrganization>
              <Unit>
                <EntityDescriptor>
                  <Side>00000000-0000-0001-0000-000000000000</Side>
                </EntityDescriptor>
                <CurrentState>
                  <PhysicalState>
                    <EntityHealthStatus>
                      <OperationalStatus>
                        <OperationalStatusCode>FullyOperational</OperationalStatusCode>
                      </OperationalStatus>
                    </EntityHealthStatus>
                    <Location>
                      <GeodeticCoordinate>
                        <Latitude>58.6753457868551</Latitude>
                        <Longitude>16.3954276872986</Longitude>
                      </GeodeticCoordinate>
                    </Location>
                  </PhysicalState>
                </CurrentState>
                <APP6CSymbol>
                  <APP6C-SIDC>SFGPUCIZ---F---</APP6C-SIDC>
                </APP6CSymbol>
                <Name>14</Name>
                <SISOEntityType>
                  <DISCategory>0</DISCategory>
                  <DISCountry>0</DISCountry>
                  <DISDomain>0</DISDomain>
                  <DISExtra>0</DISExtra>
                  <DISKind>0</DISKind>
                  <DISSpecific>0</DISSpecific>
                  <DISSubCategory>0</DISSubCategory>
                </SISOEntityType>
                <UUID>b62db014-4755-4037-9f9f-cd8c56762995</UUID>
                <EchelonCode>BN</EchelonCode>
              </Unit>
            </MilitaryOrganization>
          </CollectiveEntity>
        </ActorEntity>
      </Entity>
      <Entity>
        <ActorEntity>
          <CollectiveEntity>
            <MilitaryOrganization>
              <Unit>
                <EntityDescriptor>
                  <Side>00000000-0000-0001-0000-000000000000</Side>
                </EntityDescriptor>
                <CurrentState>
                  <PhysicalState>
                    <EntityHealthStatus>
                      <OperationalStatus>
                        <OperationalStatusCode>FullyOperational</OperationalStatusCode>
                      </OperationalStatus>
                    </EntityHealthStatus>
                    <Location>
                      <GeodeticCoordinate>
                        <Latitude>58.7001673483074</Latitude>
                        <Longitude>16.5021879584064</Longitude>
                      </GeodeticCoordinate>
                    </Location>
                  </PhysicalState>
                </CurrentState>
                <APP6CSymbol>
                  <APP6C-SIDC>SFGPUCIZ---F---</APP6C-SIDC>
                </APP6CSymbol>
                <Name>12</Name>
                <SISOEntityType>
                  <DISCategory>0</DISCategory>
                  <DISCountry>0</DISCountry>
                  <DISDomain>0</DISDomain>
                  <DISExtra>0</DISExtra>
                  <DISKind>0</DISKind>
                  <DISSpecific>0</DISSpecific>
                  <DISSubCategory>0</DISSubCategory>
                </SISOEntityType>
                <UUID>e3e8e8bf-a21a-403a-b853-d98e807a02c6</UUID>
                <EchelonCode>BN</EchelonCode>
              </Unit>
            </MilitaryOrganization>
          </CollectiveEntity>
        </ActorEntity>
      </Entity>
      <Entity>
        <ActorEntity>
          <CollectiveEntity>
            <MilitaryOrganization>
              <Unit>
                <EntityDescriptor>
                  <Side>00000000-0000-0001-0000-000000000000</Side>
                </EntityDescriptor>
                <CurrentState>
                  <PhysicalState>
                    <EntityHealthStatus>
                      <OperationalStatus>
                        <OperationalStatusCode>FullyOperational</OperationalStatusCode>
                      </OperationalStatus>
                    </EntityHealthStatus>
                    <Location>
                      <GeodeticCoordinate>
                        <Latitude>58.6499172010204</Latitude>
                        <Longitude>16.5934320288491</Longitude>
                      </GeodeticCoordinate>
                    </Location>
                  </PhysicalState>
                </CurrentState>
                <APP6CSymbol>
                  <APP6C-SIDC>SFGPUCIZ---F---</APP6C-SIDC>
                </APP6CSymbol>
                <Name>13</Name>
                <SISOEntityType>
                  <DISCategory>0</DISCategory>
                  <DISCountry>0</DISCountry>
                  <DISDomain>0</DISDomain>
                  <DISExtra>0</DISExtra>
                  <DISKind>0</DISKind>
                  <DISSpecific>0</DISSpecific>
                  <DISSubCategory>0</DISSubCategory>
                </SISOEntityType>
                <UUID>23daa9bd-0acf-4417-8e4f-4c9ad3fc9fff</UUID>
                <EchelonCode>BN</EchelonCode>
              </Unit>
            </MilitaryOrganization>
          </CollectiveEntity>
        </ActorEntity>
      </Entity>
      <Entity>
        <ActorEntity>
          <CollectiveEntity>
            <MilitaryOrganization>
              <Unit>
                <EntityDescriptor>
                  <Side>00000000-0000-0001-0000-000000000000</Side>
                </EntityDescriptor>
                <CurrentState>
                  <PhysicalState>
                    <EntityHealthStatus>
                      <OperationalStatus>
                        <OperationalStatusCode>FullyOperational</OperationalStatusCode>
                      </OperationalStatus>
                    </EntityHealthStatus>
                    <Location>
                      <GeodeticCoordinate>
                        <Latitude>58.6293061530794</Latitude>
                        <Longitude>16.3027148202839</Longitude>
                      </GeodeticCoordinate>
                    </Location>
                  </PhysicalState>
                </CurrentState>
                <APP6CSymbol>
                  <APP6C-SIDC>SFSPCA---------</APP6C-SIDC>
                </APP6CSymbol>
                <Name>1811</Name>
                <SISOEntityType>
                  <DISCategory>0</DISCategory>
                  <DISCountry>0</DISCountry>
                  <DISDomain>0</DISDomain>
                  <DISExtra>0</DISExtra>
                  <DISKind>0</DISKind>
                  <DISSpecific>0</DISSpecific>
                  <DISSubCategory>0</DISSubCategory>
                </SISOEntityType>
                <UUID>58863359-092a-4098-af0d-d59f56f4a566</UUID>
                <EchelonCode>NOS</EchelonCode>
              </Unit>
            </MilitaryOrganization>
          </CollectiveEntity>
        </ActorEntity>
      </Entity>
      <Entity>
        <ActorEntity>
          <CollectiveEntity>
            <MilitaryOrganization>
              <Unit>
                <EntityDescriptor>
                  <Side>00000000-0000-0001-0000-000000000000</Side>
                </EntityDescriptor>
                <CurrentState>
                  <PhysicalState>
                    <EntityHealthStatus>
                      <OperationalStatus>
                        <OperationalStatusCode>FullyOperational</OperationalStatusCode>
                      </OperationalStatus>
                    </EntityHealthStatus>
                    <Location>
                      <GeodeticCoordinate>
                        <Latitude>58.6388113683835</Latitude>
                        <Longitude>16.3912134660707</Longitude>
                      </GeodeticCoordinate>
                    </Location>
                  </PhysicalState>
                </CurrentState>
                <APP6CSymbol>
                  <APP6C-SIDC>SFSPCA---------</APP6C-SIDC>
                </APP6CSymbol>
                <Name>1812</Name>
                <SISOEntityType>
                  <DISCategory>0</DISCategory>
                  <DISCountry>0</DISCountry>
                  <DISDomain>0</DISDomain>
                  <DISExtra>0</DISExtra>
                  <DISKind>0</DISKind>
                  <DISSpecific>0</DISSpecific>
                  <DISSubCategory>0</DISSubCategory>
                </SISOEntityType>
                <UUID>846d353c-f23a-42c9-96fe-8beea1c7afe2</UUID>
                <EchelonCode>NOS</EchelonCode>
              </Unit>
            </MilitaryOrganization>
          </CollectiveEntity>
        </ActorEntity>
      </Entity>
      <Entity>
        <ActorEntity>
          <CollectiveEntity>
            <MilitaryOrganization>
              <Unit>
                <EntityDescriptor>
                  <Side>00000000-0000-0001-0000-000000000000</Side>
                </EntityDescriptor>
                <CurrentState>
                  <PhysicalState>
                    <EntityHealthStatus>
                      <OperationalStatus>
                        <OperationalStatusCode>FullyOperational</OperationalStatusCode>
                      </OperationalStatus>
                    </EntityHealthStatus>
                    <Location>
                      <GeodeticCoordinate>
                        <Latitude>58.6300374153293</Latitude>
                        <Longitude>16.5064021796343</Longitude>
                      </GeodeticCoordinate>
                    </Location>
                  </PhysicalState>
                </CurrentState>
                <APP6CSymbol>
                  <APP6C-SIDC>SFSPCA---------</APP6C-SIDC>
                </APP6CSymbol>
                <Name>1813</Name>
                <SISOEntityType>
                  <DISCategory>0</DISCategory>
                  <DISCountry>0</DISCountry>
                  <DISDomain>0</DISDomain>
                  <DISExtra>0</DISExtra>
                  <DISKind>0</DISKind>
                  <DISSpecific>0</DISSpecific>
                  <DISSubCategory>0</DISSubCategory>
                </SISOEntityType>
                <UUID>8a3329c0-445e-4f1a-a253-3d40650a26c5</UUID>
                <EchelonCode>NOS</EchelonCode>
              </Unit>
            </MilitaryOrganization>
          </CollectiveEntity>
        </ActorEntity>
      </Entity>
      <Entity>
        <ActorEntity>
          <CollectiveEntity>
            <MilitaryOrganization>
              <Unit>
                <EntityDescriptor>
                  <Side>00000000-0000-0001-0000-000000000000</Side>
                </EntityDescriptor>
                <CurrentState>
                  <PhysicalState>
                    <EntityHealthStatus>
                      <OperationalStatus>
                        <OperationalStatusCode>FullyOperational</OperationalStatusCode>
                      </OperationalStatus>
                    </EntityHealthStatus>
                    <Location>
                      <GeodeticCoordinate>
                        <Latitude>58.6080928880734</Latitude>
                        <Longitude>16.7171132410313</Longitude>
                      </GeodeticCoordinate>
                    </Location>
                  </PhysicalState>
                </CurrentState>
                <APP6CSymbol>
                  <APP6C-SIDC>SFSPCA---------</APP6C-SIDC>
                </APP6CSymbol>
                <Name>1814</Name>
                <SISOEntityType>
                  <DISCategory>0</DISCategory>
                  <DISCountry>0</DISCountry>
                  <DISDomain>0</DISDomain>
                  <DISExtra>0</DISExtra>
                  <DISKind>0</DISKind>
                  <DISSpecific>0</DISSpecific>
                  <DISSubCategory>0</DISSubCategory>
                </SISOEntityType>
                <UUID>241f2dba-cef6-42b9-8157-8302594b75fc</UUID>
                <EchelonCode>NOS</EchelonCode>
              </Unit>
            </MilitaryOrganization>
          </CollectiveEntity>
        </ActorEntity>
      </Entity>
      <Entity>
        <ActorEntity>
          <CollectiveEntity>
            <MilitaryOrganization>
              <Unit>
                <EntityDescriptor>
                  <Side>00000000-0000-0001-0000-000000000000</Side>
                </EntityDescriptor>
                <CurrentState>
                  <PhysicalState>
                    <EntityHealthStatus>
                      <OperationalStatus>
                        <OperationalStatusCode>FullyOperational</OperationalStatusCode>
                      </OperationalStatus>
                    </EntityHealthStatus>
                    <Location>
                      <GeodeticCoordinate>
                        <Latitude>58.7490287046428</Latitude>
                        <Longitude>16.8006952953854</Longitude>
                      </GeodeticCoordinate>
                    </Location>
                  </PhysicalState>
                </CurrentState>
                <APP6CSymbol>
                  <APP6C-SIDC>SFAPMFQ--------</APP6C-SIDC>
                </APP6CSymbol>
                <Name>1161</Name>
                <SISOEntityType>
                  <DISCategory>0</DISCategory>
                  <DISCountry>0</DISCountry>
                  <DISDomain>0</DISDomain>
                  <DISExtra>0</DISExtra>
                  <DISKind>0</DISKind>
                  <DISSpecific>0</DISSpecific>
                  <DISSubCategory>0</DISSubCategory>
                </SISOEntityType>
                <UUID>cc7cf9a4-630a-463a-aecd-78567ca0b5fc</UUID>
                <EchelonCode>NOS</EchelonCode>
              </Unit>
            </MilitaryOrganization>
          </CollectiveEntity>
        </ActorEntity>
      </Entity>
      <Entity>
        <ActorEntity>
          <CollectiveEntity>
            <MilitaryOrganization>
              <Unit>
                <EntityDescriptor>
                  <Side>00000000-0000-0001-0000-000000000000</Side>
                </EntityDescriptor>
                <CurrentState>
                  <PhysicalState>
                    <EntityHealthStatus>
                      <OperationalStatus>
                        <OperationalStatusCode>FullyOperational</OperationalStatusCode>
                      </OperationalStatus>
                    </EntityHealthStatus>
                    <Location>
                      <GeodeticCoordinate>
                        <Latitude>58.7082419321278</Latitude>
                        <Longitude>16.8592583611536</Longitude>
                      </GeodeticCoordinate>
                    </Location>
                  </PhysicalState>
                </CurrentState>
                <APP6CSymbol>
                  <APP6C-SIDC>SFAPMFQ--------</APP6C-SIDC>
                </APP6CSymbol>
                <Name>1162</Name>
                <SISOEntityType>
                  <DISCategory>0</DISCategory>
                  <DISCountry>0</DISCountry>
                  <DISDomain>0</DISDomain>
                  <DISExtra>0</DISExtra>
                  <DISKind>0</DISKind>
                  <DISSpecific>0</DISSpecific>
                  <DISSubCategory>0</DISSubCategory>
                </SISOEntityType>
                <UUID>18aeb531-7820-419a-be57-62b19a65a37a</UUID>
                <EchelonCode>NOS</EchelonCode>
              </Unit>
            </MilitaryOrganization>
          </CollectiveEntity>
        </ActorEntity>
      </Entity>
      <Entity>
        <ActorEntity>
          <CollectiveEntity>
            <MilitaryOrganization>
              <Unit>
                <EntityDescriptor>
                  <Side>00000000-0000-0001-0000-000000000000</Side>
                </EntityDescriptor>
                <CurrentState>
                  <PhysicalState>
                    <EntityHealthStatus>
                      <OperationalStatus>
                        <OperationalStatusCode>FullyOperational</OperationalStatusCode>
                      </OperationalStatus>
                    </EntityHealthStatus>
                    <Location>
                      <GeodeticCoordinate>
                        <Latitude>58.6502165511448</Latitude>
                        <Longitude>16.8586829794819</Longitude>
                      </GeodeticCoordinate>
                    </Location>
                  </PhysicalState>
                </CurrentState>
                <APP6CSymbol>
                  <APP6C-SIDC>SFAPMFQ--------</APP6C-SIDC>
                </APP6CSymbol>
                <Name>1261</Name>
                <SISOEntityType>
                  <DISCategory>0</DISCategory>
                  <DISCountry>0</DISCountry>
                  <DISDomain>0</DISDomain>
                  <DISExtra>0</DISExtra>
                  <DISKind>0</DISKind>
                  <DISSpecific>0</DISSpecific>
                  <DISSubCategory>0</DISSubCategory>
                </SISOEntityType>
                <UUID>fe7989b8-0e80-400e-9e8e-772a7b662600</UUID>
                <EchelonCode>NOS</EchelonCode>
              </Unit>
            </MilitaryOrganization>
          </CollectiveEntity>
        </ActorEntity>
      </Entity>
      <Entity>
        <ActorEntity>
          <CollectiveEntity>
            <MilitaryOrganization>
              <Unit>
                <EntityDescriptor>
                  <Side>00000000-0000-0001-0000-000000000000</Side>
                </EntityDescriptor>
                <CurrentState>
                  <PhysicalState>
                    <EntityHealthStatus>
                      <OperationalStatus>
                        <OperationalStatusCode>FullyOperational</OperationalStatusCode>
                      </OperationalStatus>
                    </EntityHealthStatus>
                    <Location>
                      <GeodeticCoordinate>
                        <Latitude>58.7363226024184</Latitude>
                        <Longitude>16.6101180973271</Longitude>
                      </GeodeticCoordinate>
                    </Location>
                  </PhysicalState>
                </CurrentState>
                <APP6CSymbol>
                  <APP6C-SIDC>SFAPMFQ--------</APP6C-SIDC>
                </APP6CSymbol>
                <Name>1262</Name>
                <SISOEntityType>
                  <DISCategory>0</DISCategory>
                  <DISCountry>0</DISCountry>
                  <DISDomain>0</DISDomain>
                  <DISExtra>0</DISExtra>
                  <DISKind>0</DISKind>
                  <DISSpecific>0</DISSpecific>
                  <DISSubCategory>0</DISSubCategory>
                </SISOEntityType>
                <UUID>d9dfc3a9-7bd3-4835-88e1-c2d20a8fed42</UUID>
                <EchelonCode>NOS</EchelonCode>
              </Unit>
            </MilitaryOrganization>
          </CollectiveEntity>
        </ActorEntity>
      </Entity>
      <Entity>
        <ActorEntity>
          <CollectiveEntity>
            <MilitaryOrganization>
              <Unit>
                <EntityDescriptor>
                  <Side>00000000-0000-0001-0000-000000000000</Side>
                </EntityDescriptor>
                <CurrentState>
                  <PhysicalState>
                    <EntityHealthStatus>
                      <OperationalStatus>
                        <OperationalStatusCode>FullyOperational</OperationalStatusCode>
                      </OperationalStatus>
                    </EntityHealthStatus>
                    <Location>
                      <GeodeticCoordinate>
                        <Latitude>58.7076442248983</Latitude>
                        <Longitude>16.6826161879556</Longitude>
                      </GeodeticCoordinate>
                    </Location>
                  </PhysicalState>
                </CurrentState>
                <APP6CSymbol>
                  <APP6C-SIDC>SFAPMFQ--------</APP6C-SIDC>
                </APP6CSymbol>
                <Name>1361</Name>
                <SISOEntityType>
                  <DISCategory>0</DISCategory>
                  <DISCountry>0</DISCountry>
                  <DISDomain>0</DISDomain>
                  <DISExtra>0</DISExtra>
                  <DISKind>0</DISKind>
                  <DISSpecific>0</DISSpecific>
                  <DISSubCategory>0</DISSubCategory>
                </SISOEntityType>
                <UUID>11d43f76-5301-453d-bdf2-2022858141a1</UUID>
                <EchelonCode>NOS</EchelonCode>
              </Unit>
            </MilitaryOrganization>
          </CollectiveEntity>
        </ActorEntity>
      </Entity>
      <Entity>
        <ActorEntity>
          <CollectiveEntity>
            <MilitaryOrganization>
              <Unit>
                <EntityDescriptor>
                  <Side>00000000-0000-0001-0000-000000000000</Side>
                </EntityDescriptor>
                <CurrentState>
                  <PhysicalState>
                    <EntityHealthStatus>
                      <OperationalStatus>
                        <OperationalStatusCode>FullyOperational</OperationalStatusCode>
                      </OperationalStatus>
                    </EntityHealthStatus>
                    <Location>
                      <GeodeticCoordinate>
                        <Latitude>58.6538085523944</Latitude>
                        <Longitude>16.741880500136</Longitude>
                      </GeodeticCoordinate>
                    </Location>
                  </PhysicalState>
                </CurrentState>
                <APP6CSymbol>
                  <APP6C-SIDC>SFAPMFQ--------</APP6C-SIDC>
                </APP6CSymbol>
                <Name>1362</Name>
                <SISOEntityType>
                  <DISCategory>0</DISCategory>
                  <DISCountry>0</DISCountry>
                  <DISDomain>0</DISDomain>
                  <DISExtra>0</DISExtra>
                  <DISKind>0</DISKind>
                  <DISSpecific>0</DISSpecific>
                  <DISSubCategory>0</DISSubCategory>
                </SISOEntityType>
                <UUID>2113c249-6445-4560-9e1b-1d76e090e39c</UUID>
                <EchelonCode>NOS</EchelonCode>
              </Unit>
            </MilitaryOrganization>
          </CollectiveEntity>
        </ActorEntity>
      </Entity>
      <Entity>
        <ActorEntity>
          <CollectiveEntity>
            <MilitaryOrganization>
              <Unit>
                <EntityDescriptor>
                  <Side>00000000-0000-0001-0000-000000000000</Side>
                </EntityDescriptor>
                <CurrentState>
                  <PhysicalState>
                    <EntityHealthStatus>
                      <OperationalStatus>
                        <OperationalStatusCode>FullyOperational</OperationalStatusCode>
                      </OperationalStatus>
                    </EntityHealthStatus>
                    <Location>
                      <GeodeticCoordinate>
                        <Latitude>58.6007890350179</Latitude>
                        <Longitude>16.1483743058242</Longitude>
                      </GeodeticCoordinate>
                    </Location>
                  </PhysicalState>
                </CurrentState>
                <APP6CSymbol>
                  <APP6C-SIDC>SFGPUCVRA--E---</APP6C-SIDC>
                </APP6CSymbol>
                <Name>161/QRF</Name>
                <SISOEntityType>
                  <DISCategory>0</DISCategory>
                  <DISCountry>0</DISCountry>
                  <DISDomain>0</DISDomain>
                  <DISExtra>0</DISExtra>
                  <DISKind>0</DISKind>
                  <DISSpecific>0</DISSpecific>
                  <DISSubCategory>0</DISSubCategory>
                </SISOEntityType>
                <UUID>e9641293-fa17-4c41-873e-0f7453b44494</UUID>
                <EchelonCode>COY</EchelonCode>
              </Unit>
            </MilitaryOrganization>
          </CollectiveEntity>
        </ActorEntity>
      </Entity>
      <Entity>
        <ActorEntity>
          <CollectiveEntity>
            <MilitaryOrganization>
              <Unit>
                <EntityDescriptor>
                  <Side>00000000-0000-0001-0000-000000000000</Side>
                </EntityDescriptor>
                <CurrentState>
                  <PhysicalState>
                    <EntityHealthStatus>
                      <OperationalStatus>
                        <OperationalStatusCode>FullyOperational</OperationalStatusCode>
                      </OperationalStatus>
                    </EntityHealthStatus>
                    <Location>
                      <GeodeticCoordinate>
                        <Latitude>58.5839977382902</Latitude>
                        <Longitude>16.1581557942424</Longitude>
                      </GeodeticCoordinate>
                    </Location>
                  </PhysicalState>
                </CurrentState>
                <APP6CSymbol>
                  <APP6C-SIDC>SFGPUCVRA--E---</APP6C-SIDC>
                </APP6CSymbol>
                <Name>162</Name>
                <SISOEntityType>
                  <DISCategory>0</DISCategory>
                  <DISCountry>0</DISCountry>
                  <DISDomain>0</DISDomain>
                  <DISExtra>0</DISExtra>
                  <DISKind>0</DISKind>
                  <DISSpecific>0</DISSpecific>
                  <DISSubCategory>0</DISSubCategory>
                </SISOEntityType>
                <UUID>53f2f06b-fd28-4f1c-a9d8-443bead83870</UUID>
                <EchelonCode>COY</EchelonCode>
              </Unit>
            </MilitaryOrganization>
          </CollectiveEntity>
        </ActorEntity>
      </Entity>
      <Entity>
        <ActorEntity>
          <CollectiveEntity>
            <MilitaryOrganization>
              <Unit>
                <EntityDescriptor>
                  <Side>00000000-0000-0001-0000-000000000000</Side>
                </EntityDescriptor>
                <CurrentState>
                  <PhysicalState>
                    <EntityHealthStatus>
                      <OperationalStatus>
                        <OperationalStatusCode>FullyOperational</OperationalStatusCode>
                      </OperationalStatus>
                    </EntityHealthStatus>
                    <Location>
                      <GeodeticCoordinate>
                        <Latitude>58.5662981879132</Latitude>
                        <Longitude>16.1598819392573</Longitude>
                      </GeodeticCoordinate>
                    </Location>
                  </PhysicalState>
                </CurrentState>
                <APP6CSymbol>
                  <APP6C-SIDC>SFGPUCVRUH-E---</APP6C-SIDC>
                </APP6CSymbol>
                <Name>163</Name>
                <SISOEntityType>
                  <DISCategory>0</DISCategory>
                  <DISCountry>0</DISCountry>
                  <DISDomain>0</DISDomain>
                  <DISExtra>0</DISExtra>
                  <DISKind>0</DISKind>
                  <DISSpecific>0</DISSpecific>
                  <DISSubCategory>0</DISSubCategory>
                </SISOEntityType>
                <UUID>ec9221dc-8809-4796-bcd0-1719333f59bf</UUID>
                <EchelonCode>COY</EchelonCode>
              </Unit>
            </MilitaryOrganization>
          </CollectiveEntity>
        </ActorEntity>
      </Entity>
      <Entity>
        <ActorEntity>
          <CollectiveEntity>
            <MilitaryOrganization>
              <Unit>
                <EntityDescriptor>
                  <Side>00000000-0000-0001-0000-000000000000</Side>
                </EntityDescriptor>
                <CurrentState>
                  <PhysicalState>
                    <EntityHealthStatus>
                      <OperationalStatus>
                        <OperationalStatusCode>FullyOperational</OperationalStatusCode>
                      </OperationalStatus>
                    </EntityHealthStatus>
                    <Location>
                      <GeodeticCoordinate>
                        <Latitude>58.6666768547679</Latitude>
                        <Longitude>16.4884248737721</Longitude>
                      </GeodeticCoordinate>
                    </Location>
                  </PhysicalState>
                </CurrentState>
                <APP6CSymbol>
                  <APP6C-SIDC>SFGPUCFM---E---</APP6C-SIDC>
                </APP6CSymbol>
                <Name>125</Name>
                <SISOEntityType>
                  <DISCategory>0</DISCategory>
                  <DISCountry>0</DISCountry>
                  <DISDomain>0</DISDomain>
                  <DISExtra>0</DISExtra>
                  <DISKind>0</DISKind>
                  <DISSpecific>0</DISSpecific>
                  <DISSubCategory>0</DISSubCategory>
                </SISOEntityType>
                <UUID>9cdf01b1-b5b5-449f-94fe-9f1a8018ad59</UUID>
                <EchelonCode>COY</EchelonCode>
              </Unit>
            </MilitaryOrganization>
          </CollectiveEntity>
        </ActorEntity>
      </Entity>
      <Entity>
        <ActorEntity>
          <CollectiveEntity>
            <MilitaryOrganization>
              <Unit>
                <EntityDescriptor>
                  <Side>00000000-0000-0001-0000-000000000000</Side>
                </EntityDescriptor>
                <CurrentState>
                  <PhysicalState>
                    <EntityHealthStatus>
                      <OperationalStatus>
                        <OperationalStatusCode>FullyOperational</OperationalStatusCode>
                      </OperationalStatus>
                    </EntityHealthStatus>
                    <Location>
                      <GeodeticCoordinate>
                        <Latitude>58.6762501859593</Latitude>
                        <Longitude>16.5655260177739</Longitude>
                      </GeodeticCoordinate>
                    </Location>
                  </PhysicalState>
                </CurrentState>
                <APP6CSymbol>
                  <APP6C-SIDC>SFGPUCFM---E---</APP6C-SIDC>
                </APP6CSymbol>
                <Name>135</Name>
                <SISOEntityType>
                  <DISCategory>0</DISCategory>
                  <DISCountry>0</DISCountry>
                  <DISDomain>0</DISDomain>
                  <DISExtra>0</DISExtra>
                  <DISKind>0</DISKind>
                  <DISSpecific>0</DISSpecific>
                  <DISSubCategory>0</DISSubCategory>
                </SISOEntityType>
                <UUID>893f89fe-b985-476f-a9d2-35c2a1e2e475</UUID>
                <EchelonCode>COY</EchelonCode>
              </Unit>
            </MilitaryOrganization>
          </CollectiveEntity>
        </ActorEntity>
      </Entity>
      <Entity>
        <ActorEntity>
          <CollectiveEntity>
            <MilitaryOrganization>
              <Unit>
                <EntityDescriptor>
                  <Side>00000000-0000-0002-0000-000000000000</Side>
                </EntityDescriptor>
                <CurrentState>
                  <PhysicalState>
                    <EntityHealthStatus>
                      <OperationalStatus>
                        <OperationalStatusCode>FullyOperational</OperationalStatusCode>
                      </OperationalStatus>
                    </EntityHealthStatus>
                    <Location>
                      <GeodeticCoordinate>
                        <Latitude>58.7181026204475</Latitude>
                        <Longitude>17.0839449039347</Longitude>
                      </GeodeticCoordinate>
                    </Location>
                  </PhysicalState>
                </CurrentState>
                <APP6CSymbol>
                  <APP6C-SIDC>SHGPUCVRA--E---</APP6C-SIDC>
                </APP6CSymbol>
                <Name>Z/7</Name>
                <SISOEntityType>
                  <DISCategory>0</DISCategory>
                  <DISCountry>0</DISCountry>
                  <DISDomain>0</DISDomain>
                  <DISExtra>0</DISExtra>
                  <DISKind>0</DISKind>
                  <DISSpecific>0</DISSpecific>
                  <DISSubCategory>0</DISSubCategory>
                </SISOEntityType>
                <UUID>6233f925-fd37-1b68-4a3e-0261826ee11b</UUID>
                <EchelonCode>COY</EchelonCode>
              </Unit>
            </MilitaryOrganization>
          </CollectiveEntity>
        </ActorEntity>
      </Entity>
      <Entity>
        <ActorEntity>
          <CollectiveEntity>
            <MilitaryOrganization>
              <Unit>
                <EntityDescriptor>
                  <Side>00000000-0000-0002-0000-000000000000</Side>
                </EntityDescriptor>
                <CurrentState>
                  <PhysicalState>
                    <EntityHealthStatus>
                      <OperationalStatus>
                        <OperationalStatusCode>FullyOperational</OperationalStatusCode>
                      </OperationalStatus>
                    </EntityHealthStatus>
                    <Location>
                      <GeodeticCoordinate>
                        <Latitude>58.7661707923641</Latitude>
                        <Longitude>16.9717454779621</Longitude>
                      </GeodeticCoordinate>
                    </Location>
                  </PhysicalState>
                </CurrentState>
                <APP6CSymbol>
                  <APP6C-SIDC>SHGPUCI----E---</APP6C-SIDC>
                </APP6CSymbol>
                <Name>Z/1</Name>
                <SISOEntityType>
                  <DISCategory>0</DISCategory>
                  <DISCountry>0</DISCountry>
                  <DISDomain>0</DISDomain>
                  <DISExtra>0</DISExtra>
                  <DISKind>0</DISKind>
                  <DISSpecific>0</DISSpecific>
                  <DISSubCategory>0</DISSubCategory>
                </SISOEntityType>
                <UUID>6233f902-fd37-1b68-4a3e-0261826ee11b</UUID>
                <EchelonCode>COY</EchelonCode>
              </Unit>
            </MilitaryOrganization>
          </CollectiveEntity>
        </ActorEntity>
      </Entity>
      <Entity>
        <ActorEntity>
          <CollectiveEntity>
            <MilitaryOrganization>
              <Unit>
                <EntityDescriptor>
                  <Side>00000000-0000-0002-0000-000000000000</Side>
                </EntityDescriptor>
                <CurrentState>
                  <PhysicalState>
                    <EntityHealthStatus>
                      <OperationalStatus>
                        <OperationalStatusCode>FullyOperational</OperationalStatusCode>
                      </OperationalStatus>
                    </EntityHealthStatus>
                    <Location>
                      <GeodeticCoordinate>
                        <Latitude>58.7189989081879</Latitude>
                        <Longitude>17.0264067367693</Longitude>
                      </GeodeticCoordinate>
                    </Location>
                  </PhysicalState>
                </CurrentState>
                <APP6CSymbol>
                  <APP6C-SIDC>SHGPUCI----E---</APP6C-SIDC>
                </APP6CSymbol>
                <Name>Z/2</Name>
                <SISOEntityType>
                  <DISCategory>0</DISCategory>
                  <DISCountry>0</DISCountry>
                  <DISDomain>0</DISDomain>
                  <DISExtra>0</DISExtra>
                  <DISKind>0</DISKind>
                  <DISSpecific>0</DISSpecific>
                  <DISSubCategory>0</DISSubCategory>
                </SISOEntityType>
                <UUID>6233f903-fd37-1b68-4a3e-0261826ee11b</UUID>
                <EchelonCode>COY</EchelonCode>
              </Unit>
            </MilitaryOrganization>
          </CollectiveEntity>
        </ActorEntity>
      </Entity>
      <Entity>
        <ActorEntity>
          <CollectiveEntity>
            <MilitaryOrganization>
              <Unit>
                <EntityDescriptor>
                  <Side>00000000-0000-0002-0000-000000000000</Side>
                </EntityDescriptor>
                <CurrentState>
                  <PhysicalState>
                    <EntityHealthStatus>
                      <OperationalStatus>
                        <OperationalStatusCode>FullyOperational</OperationalStatusCode>
                      </OperationalStatus>
                    </EntityHealthStatus>
                    <Location>
                      <GeodeticCoordinate>
                        <Latitude>58.6923992241661</Latitude>
                        <Longitude>17.0396405152173</Longitude>
                      </GeodeticCoordinate>
                    </Location>
                  </PhysicalState>
                </CurrentState>
                <APP6CSymbol>
                  <APP6C-SIDC>SHGPUCI----E---</APP6C-SIDC>
                </APP6CSymbol>
                <Name>Z/3</Name>
                <SISOEntityType>
                  <DISCategory>0</DISCategory>
                  <DISCountry>0</DISCountry>
                  <DISDomain>0</DISDomain>
                  <DISExtra>0</DISExtra>
                  <DISKind>0</DISKind>
                  <DISSpecific>0</DISSpecific>
                  <DISSubCategory>0</DISSubCategory>
                </SISOEntityType>
                <UUID>6233f905-fd37-1b68-4a3e-0261826ee11b</UUID>
                <EchelonCode>COY</EchelonCode>
              </Unit>
            </MilitaryOrganization>
          </CollectiveEntity>
        </ActorEntity>
      </Entity>
      <Entity>
        <ActorEntity>
          <CollectiveEntity>
            <MilitaryOrganization>
              <Unit>
                <EntityDescriptor>
                  <Side>00000000-0000-0002-0000-000000000000</Side>
                </EntityDescriptor>
                <CurrentState>
                  <PhysicalState>
                    <EntityHealthStatus>
                      <OperationalStatus>
                        <OperationalStatusCode>FullyOperational</OperationalStatusCode>
                      </OperationalStatus>
                    </EntityHealthStatus>
                    <Location>
                      <GeodeticCoordinate>
                        <Latitude>58.6753527977912</Latitude>
                        <Longitude>17.1178924225624</Longitude>
                      </GeodeticCoordinate>
                    </Location>
                  </PhysicalState>
                </CurrentState>
                <APP6CSymbol>
                  <APP6C-SIDC>SHGPUCI----E---</APP6C-SIDC>
                </APP6CSymbol>
                <Name>Z/4</Name>
                <SISOEntityType>
                  <DISCategory>0</DISCategory>
                  <DISCountry>0</DISCountry>
                  <DISDomain>0</DISDomain>
                  <DISExtra>0</DISExtra>
                  <DISKind>0</DISKind>
                  <DISSpecific>0</DISSpecific>
                  <DISSubCategory>0</DISSubCategory>
                </SISOEntityType>
                <UUID>6233f907-fd37-1b68-4a3e-0261826ee11b</UUID>
                <EchelonCode>COY</EchelonCode>
              </Unit>
            </MilitaryOrganization>
          </CollectiveEntity>
        </ActorEntity>
      </Entity>
      <Entity>
        <ActorEntity>
          <CollectiveEntity>
            <MilitaryOrganization>
              <Unit>
                <EntityDescriptor>
                  <Side>00000000-0000-0002-0000-000000000000</Side>
                </EntityDescriptor>
                <CurrentState>
                  <PhysicalState>
                    <EntityHealthStatus>
                      <OperationalStatus>
                        <OperationalStatusCode>FullyOperational</OperationalStatusCode>
                      </OperationalStatus>
                    </EntityHealthStatus>
                    <Location>
                      <GeodeticCoordinate>
                        <Latitude>58.7500559525484</Latitude>
                        <Longitude>16.9084534940801</Longitude>
                      </GeodeticCoordinate>
                    </Location>
                  </PhysicalState>
                </CurrentState>
                <APP6CSymbol>
                  <APP6C-SIDC>SHGPUCI----D---</APP6C-SIDC>
                </APP6CSymbol>
                <Name>Z/5/1</Name>
                <SISOEntityType>
                  <DISCategory>0</DISCategory>
                  <DISCountry>0</DISCountry>
                  <DISDomain>0</DISDomain>
                  <DISExtra>0</DISExtra>
                  <DISKind>0</DISKind>
                  <DISSpecific>0</DISSpecific>
                  <DISSubCategory>0</DISSubCategory>
                </SISOEntityType>
                <UUID>6233f904-fd37-1b68-4a3e-0261826ee11b</UUID>
                <EchelonCode>PLT</EchelonCode>
              </Unit>
            </MilitaryOrganization>
          </CollectiveEntity>
        </ActorEntity>
      </Entity>
      <Entity>
        <ActorEntity>
          <CollectiveEntity>
            <MilitaryOrganization>
              <Unit>
                <EntityDescriptor>
                  <Side>00000000-0000-0002-0000-000000000000</Side>
                </EntityDescriptor>
                <CurrentState>
                  <PhysicalState>
                    <EntityHealthStatus>
                      <OperationalStatus>
                        <OperationalStatusCode>FullyOperational</OperationalStatusCode>
                      </OperationalStatus>
                    </EntityHealthStatus>
                    <Location>
                      <GeodeticCoordinate>
                        <Latitude>58.7091384737375</Latitude>
                        <Longitude>16.9613886078723</Longitude>
                      </GeodeticCoordinate>
                    </Location>
                  </PhysicalState>
                </CurrentState>
                <APP6CSymbol>
                  <APP6C-SIDC>SHGPUCI----D---</APP6C-SIDC>
                </APP6CSymbol>
                <Name>Z/5/2</Name>
                <SISOEntityType>
                  <DISCategory>0</DISCategory>
                  <DISCountry>0</DISCountry>
                  <DISDomain>0</DISDomain>
                  <DISExtra>0</DISExtra>
                  <DISKind>0</DISKind>
                  <DISSpecific>0</DISSpecific>
                  <DISSubCategory>0</DISSubCategory>
                </SISOEntityType>
                <UUID>6233f906-fd37-1b68-4a3e-0261826ee11b</UUID>
                <EchelonCode>PLT</EchelonCode>
              </Unit>
            </MilitaryOrganization>
          </CollectiveEntity>
        </ActorEntity>
      </Entity>
      <Entity>
        <ActorEntity>
          <CollectiveEntity>
            <MilitaryOrganization>
              <Unit>
                <EntityDescriptor>
                  <Side>00000000-0000-0002-0000-000000000000</Side>
                </EntityDescriptor>
                <CurrentState>
                  <PhysicalState>
                    <EntityHealthStatus>
                      <OperationalStatus>
                        <OperationalStatusCode>FullyOperational</OperationalStatusCode>
                      </OperationalStatus>
                    </EntityHealthStatus>
                    <Location>
                      <GeodeticCoordinate>
                        <Latitude>58.6870170427025</Latitude>
                        <Longitude>16.9884315464401</Longitude>
                      </GeodeticCoordinate>
                    </Location>
                  </PhysicalState>
                </CurrentState>
                <APP6CSymbol>
                  <APP6C-SIDC>SHGPUCI----D---</APP6C-SIDC>
                </APP6CSymbol>
                <Name>Z/5/3</Name>
                <SISOEntityType>
                  <DISCategory>0</DISCategory>
                  <DISCountry>0</DISCountry>
                  <DISDomain>0</DISDomain>
                  <DISExtra>0</DISExtra>
                  <DISKind>0</DISKind>
                  <DISSpecific>0</DISSpecific>
                  <DISSubCategory>0</DISSubCategory>
                </SISOEntityType>
                <UUID>6233f908-fd37-1b68-4a3e-0261826ee11b</UUID>
                <EchelonCode>PLT</EchelonCode>
              </Unit>
            </MilitaryOrganization>
          </CollectiveEntity>
        </ActorEntity>
      </Entity>
      <Entity>
        <ActorEntity>
          <CollectiveEntity>
            <MilitaryOrganization>
              <Unit>
                <EntityDescriptor>
                  <Side>00000000-0000-0002-0000-000000000000</Side>
                </EntityDescriptor>
                <CurrentState>
                  <PhysicalState>
                    <EntityHealthStatus>
                      <OperationalStatus>
                        <OperationalStatusCode>FullyOperational</OperationalStatusCode>
                      </OperationalStatus>
                    </EntityHealthStatus>
                    <Location>
                      <GeodeticCoordinate>
                        <Latitude>58.7076442248983</Latitude>
                        <Longitude>17.1190431859057</Longitude>
                      </GeodeticCoordinate>
                    </Location>
                  </PhysicalState>
                </CurrentState>
                <APP6CSymbol>
                  <APP6C-SIDC>SHSPCA---------</APP6C-SIDC>
                </APP6CSymbol>
                <Name>Z/6/1</Name>
                <SISOEntityType>
                  <DISCategory>0</DISCategory>
                  <DISCountry>0</DISCountry>
                  <DISDomain>0</DISDomain>
                  <DISExtra>0</DISExtra>
                  <DISKind>0</DISKind>
                  <DISSpecific>0</DISSpecific>
                  <DISSubCategory>0</DISSubCategory>
                </SISOEntityType>
                <UUID>6233f909-fd37-1b68-4a3e-0261826ee11b</UUID>
                <EchelonCode>NOS</EchelonCode>
              </Unit>
            </MilitaryOrganization>
          </CollectiveEntity>
        </ActorEntity>
      </Entity>
      <Entity>
        <ActorEntity>
          <CollectiveEntity>
            <MilitaryOrganization>
              <Unit>
                <EntityDescriptor>
                  <Side>00000000-0000-0002-0000-000000000000</Side>
                </EntityDescriptor>
                <CurrentState>
                  <PhysicalState>
                    <EntityHealthStatus>
                      <OperationalStatus>
                        <OperationalStatusCode>FullyOperational</OperationalStatusCode>
                      </OperationalStatus>
                    </EntityHealthStatus>
                    <Location>
                      <GeodeticCoordinate>
                        <Latitude>58.713023220672</Latitude>
                        <Longitude>17.1593199029215</Longitude>
                      </GeodeticCoordinate>
                    </Location>
                  </PhysicalState>
                </CurrentState>
                <APP6CSymbol>
                  <APP6C-SIDC>SHSPCA---------</APP6C-SIDC>
                </APP6CSymbol>
                <Name>Z/6/2</Name>
                <SISOEntityType>
                  <DISCategory>0</DISCategory>
                  <DISCountry>0</DISCountry>
                  <DISDomain>0</DISDomain>
                  <DISExtra>0</DISExtra>
                  <DISKind>0</DISKind>
                  <DISSpecific>0</DISSpecific>
                  <DISSubCategory>0</DISSubCategory>
                </SISOEntityType>
                <UUID>6233f922-fd37-1b68-4a3e-0261826ee11b</UUID>
                <EchelonCode>NOS</EchelonCode>
              </Unit>
            </MilitaryOrganization>
          </CollectiveEntity>
        </ActorEntity>
      </Entity>
      <Entity>
        <ActorEntity>
          <CollectiveEntity>
            <MilitaryOrganization>
              <Unit>
                <EntityDescriptor>
                  <Side>00000000-0000-0002-0000-000000000000</Side>
                </EntityDescriptor>
                <CurrentState>
                  <PhysicalState>
                    <EntityHealthStatus>
                      <OperationalStatus>
                        <OperationalStatusCode>FullyOperational</OperationalStatusCode>
                      </OperationalStatus>
                    </EntityHealthStatus>
                    <Location>
                      <GeodeticCoordinate>
                        <Latitude>58.6430314395588</Latitude>
                        <Longitude>17.1150155142041</Longitude>
                      </GeodeticCoordinate>
                    </Location>
                  </PhysicalState>
                </CurrentState>
                <APP6CSymbol>
                  <APP6C-SIDC>SHSPCA---------</APP6C-SIDC>
                </APP6CSymbol>
                <Name>Z/6/3</Name>
                <SISOEntityType>
                  <DISCategory>0</DISCategory>
                  <DISCountry>0</DISCountry>
                  <DISDomain>0</DISDomain>
                  <DISExtra>0</DISExtra>
                  <DISKind>0</DISKind>
                  <DISSpecific>0</DISSpecific>
                  <DISSubCategory>0</DISSubCategory>
                </SISOEntityType>
                <UUID>6233f923-fd37-1b68-4a3e-0261826ee11b</UUID>
                <EchelonCode>NOS</EchelonCode>
              </Unit>
            </MilitaryOrganization>
          </CollectiveEntity>
        </ActorEntity>
      </Entity>
    </ObjectDefinitions>
    <ScenarioSetting>
      <DateTime>
        <IsoDateTime>2024-04-18T23:23:19Z</IsoDateTime>
      </DateTime>
      <Version>1.0.2</Version>
    </ScenarioSetting>
    <SystemEntityList>
      <ActorReference>c9431575-422d-417f-8dd8-23efa32d7a85</ActorReference>
      <ActorReference>be51e9a2-7939-4116-82fd-0fe5add444d8</ActorReference>
      <ActorReference>f1f15e23-5a36-46b8-a5e4-fc7f41fc8904</ActorReference>
      <ActorReference>b62db014-4755-4037-9f9f-cd8c56762995</ActorReference>
      <ActorReference>e3e8e8bf-a21a-403a-b853-d98e807a02c6</ActorReference>
      <ActorReference>23daa9bd-0acf-4417-8e4f-4c9ad3fc9fff</ActorReference>
      <ActorReference>58863359-092a-4098-af0d-d59f56f4a566</ActorReference>
      <ActorReference>846d353c-f23a-42c9-96fe-8beea1c7afe2</ActorReference>
      <ActorReference>8a3329c0-445e-4f1a-a253-3d40650a26c5</ActorReference>
      <ActorReference>241f2dba-cef6-42b9-8157-8302594b75fc</ActorReference>
      <ActorReference>cc7cf9a4-630a-463a-aecd-78567ca0b5fc</ActorReference>
      <ActorReference>18aeb531-7820-419a-be57-62b19a65a37a</ActorReference>
      <ActorReference>fe7989b8-0e80-400e-9e8e-772a7b662600</ActorReference>
      <ActorReference>d9dfc3a9-7bd3-4835-88e1-c2d20a8fed42</ActorReference>
      <ActorReference>11d43f76-5301-453d-bdf2-2022858141a1</ActorReference>
      <ActorReference>2113c249-6445-4560-9e1b-1d76e090e39c</ActorReference>
      <ActorReference>e9641293-fa17-4c41-873e-0f7453b44494</ActorReference>
      <ActorReference>53f2f06b-fd28-4f1c-a9d8-443bead83870</ActorReference>
      <ActorReference>ec9221dc-8809-4796-bcd0-1719333f59bf</ActorReference>
      <ActorReference>9cdf01b1-b5b5-449f-94fe-9f1a8018ad59</ActorReference>
      <ActorReference>893f89fe-b985-476f-a9d2-35c2a1e2e475</ActorReference>
      <ActorReference>6233f925-fd37-1b68-4a3e-0261826ee11b</ActorReference>
      <ActorReference>6233f902-fd37-1b68-4a3e-0261826ee11b</ActorReference>
      <ActorReference>6233f903-fd37-1b68-4a3e-0261826ee11b</ActorReference>
      <ActorReference>6233f905-fd37-1b68-4a3e-0261826ee11b</ActorReference>
      <ActorReference>6233f907-fd37-1b68-4a3e-0261826ee11b</ActorReference>
      <ActorReference>6233f904-fd37-1b68-4a3e-0261826ee11b</ActorReference>
      <ActorReference>6233f906-fd37-1b68-4a3e-0261826ee11b</ActorReference>
      <ActorReference>6233f908-fd37-1b68-4a3e-0261826ee11b</ActorReference>
      <ActorReference>6233f909-fd37-1b68-4a3e-0261826ee11b</ActorReference>
      <ActorReference>6233f922-fd37-1b68-4a3e-0261826ee11b</ActorReference>
      <ActorReference>6233f923-fd37-1b68-4a3e-0261826ee11b</ActorReference>
      <SystemName>NPS</SystemName>
    </SystemEntityList>
  </C2SIMInitializationBody>
</MessageBody>