<?xml version="1.0" encoding="UTF-8" standalone="yes" ?>
<!DOCTYPE boost_serialization>
<boost_serialization signature="serialization::archive" version="9">
<DtScriptedTaskMetaData class_id="0" tracking_level="0" version="12">
	<myScriptId>evacuate_civilians</myScriptId>
	<myMenuText>Evacuate Civilians</myMenuText>
	<myToolTip></myToolTip>
	<myMenuIcon></myMenuIcon>
	<myVersion>1</myVersion>
	<myScriptEngine>lua</myScriptEngine>
	<myComments></myComments>
	<myMenuLocations class_id="1" tracking_level="0" version="0">
		<count>1</count>
		<item_version>0</item_version>
		<item>Embarkation/$(menutext)&gt;Embarkation/DtVrfTaskEmbarkAction</item>
	</myMenuLocations>
	<myIsSystemScript>1</myIsSystemScript>
	<myDescription>Flies to an LZ, sends embark tasks to nearby civilians, flies to evacuation point, disembarks passengers, returns to base.</myDescription>
	<myScriptLocation>..\data\simulationModelSets\EntityLevel\scripts\\evacuate_civilians.lua</myScriptLocation>
	<myDirectoryPath>Aircraft</myDirectoryPath>
	<myEntityTypes>
		<count>3</count>
		<item_version>0</item_version>
		<item>1:2:-1:21:-1:-1:-1</item>
		<item>1:2:-1:23:-1:-1:-1</item>
		<item>1:2:-1:92:-1:-1:-1</item>
	</myEntityTypes>
	<myVariables>
		<count>6</count>
		<item_version>0</item_version>
		<item>&lt;?xml version=&quot;1.0&quot; encoding=&quot;UTF-8&quot; standalone=&quot;yes&quot; ?&gt;
&lt;!DOCTYPE boost_serialization&gt;
&lt;boost_serialization signature=&quot;serialization::archive&quot; version=&quot;9&quot;&gt;
&lt;DtScriptedTaskVariable class_id=&quot;0&quot; tracking_level=&quot;0&quot; version=&quot;4&quot;&gt;
	&lt;myVariableName&gt;pickupPoint&lt;/myVariableName&gt;
	&lt;myType&gt;simulationobject&lt;/myType&gt;
	&lt;myLabel&gt;Pickup Point&lt;/myLabel&gt;
	&lt;myToolTip&gt;Location to fly to and pick up passengers.&lt;/myToolTip&gt;
	&lt;myDefaultValue&gt;&lt;/myDefaultValue&gt;
	&lt;myRangeBottom&gt;-100000&lt;/myRangeBottom&gt;
	&lt;myRangeTop&gt;100000&lt;/myRangeTop&gt;
	&lt;myVariableData&gt;DtPointsFilter&lt;/myVariableData&gt;
	&lt;myVisible&gt;1&lt;/myVisible&gt;
	&lt;myIndent&gt;0&lt;/myIndent&gt;
	&lt;myInternal&gt;0&lt;/myInternal&gt;
	&lt;myScriptedTaskVariableName&gt;&lt;/myScriptedTaskVariableName&gt;
&lt;/DtScriptedTaskVariable&gt;
</item>
		<item>&lt;?xml version=&quot;1.0&quot; encoding=&quot;UTF-8&quot; standalone=&quot;yes&quot; ?&gt;
&lt;!DOCTYPE boost_serialization&gt;
&lt;boost_serialization signature=&quot;serialization::archive&quot; version=&quot;9&quot;&gt;
&lt;DtScriptedTaskVariable class_id=&quot;0&quot; tracking_level=&quot;0&quot; version=&quot;4&quot;&gt;
	&lt;myVariableName&gt;numPassengers&lt;/myVariableName&gt;
	&lt;myType&gt;integer&lt;/myType&gt;
	&lt;myLabel&gt;Max Number of Passengers to Pick Up&lt;/myLabel&gt;
	&lt;myToolTip&gt;Number of passengers to embark&lt;/myToolTip&gt;
	&lt;myDefaultValue&gt;6&lt;/myDefaultValue&gt;
	&lt;myRangeBottom&gt;1&lt;/myRangeBottom&gt;
	&lt;myRangeTop&gt;100000&lt;/myRangeTop&gt;
	&lt;myVariableData&gt;&lt;/myVariableData&gt;
	&lt;myVisible&gt;1&lt;/myVisible&gt;
	&lt;myIndent&gt;0&lt;/myIndent&gt;
	&lt;myInternal&gt;0&lt;/myInternal&gt;
	&lt;myScriptedTaskVariableName&gt;&lt;/myScriptedTaskVariableName&gt;
&lt;/DtScriptedTaskVariable&gt;
</item>
		<item>&lt;?xml version=&quot;1.0&quot; encoding=&quot;UTF-8&quot; standalone=&quot;yes&quot; ?&gt;
&lt;!DOCTYPE boost_serialization&gt;
&lt;boost_serialization signature=&quot;serialization::archive&quot; version=&quot;9&quot;&gt;
&lt;DtScriptedTaskVariable class_id=&quot;0&quot; tracking_level=&quot;0&quot; version=&quot;4&quot;&gt;
	&lt;myVariableName&gt;maxRangeToPoint&lt;/myVariableName&gt;
	&lt;myType&gt;range&lt;/myType&gt;
	&lt;myLabel&gt;Max Distance To Passengers&lt;/myLabel&gt;
	&lt;myToolTip&gt;The maximum distance from the pickup point to potential passengers.&lt;/myToolTip&gt;
	&lt;myDefaultValue&gt;100&lt;/myDefaultValue&gt;
	&lt;myRangeBottom&gt;1&lt;/myRangeBottom&gt;
	&lt;myRangeTop&gt;100000&lt;/myRangeTop&gt;
	&lt;myVariableData&gt;&lt;/myVariableData&gt;
	&lt;myVisible&gt;1&lt;/myVisible&gt;
	&lt;myIndent&gt;0&lt;/myIndent&gt;
	&lt;myInternal&gt;0&lt;/myInternal&gt;
	&lt;myScriptedTaskVariableName&gt;&lt;/myScriptedTaskVariableName&gt;
&lt;/DtScriptedTaskVariable&gt;
</item>
		<item>&lt;?xml version=&quot;1.0&quot; encoding=&quot;UTF-8&quot; standalone=&quot;yes&quot; ?&gt;
&lt;!DOCTYPE boost_serialization&gt;
&lt;boost_serialization signature=&quot;serialization::archive&quot; version=&quot;9&quot;&gt;
&lt;DtScriptedTaskVariable class_id=&quot;0&quot; tracking_level=&quot;0&quot; version=&quot;4&quot;&gt;
	&lt;myVariableName&gt;VRF_UUID:8a9e7e65-3ff4-4c24-9f5d-693dadae449e&lt;/myVariableName&gt;
	&lt;myType&gt;separator&lt;/myType&gt;
	&lt;myLabel&gt;&lt;/myLabel&gt;
	&lt;myToolTip&gt;&lt;/myToolTip&gt;
	&lt;myDefaultValue&gt;&lt;/myDefaultValue&gt;
	&lt;myRangeBottom&gt;-100000&lt;/myRangeBottom&gt;
	&lt;myRangeTop&gt;100000&lt;/myRangeTop&gt;
	&lt;myVariableData&gt;&lt;/myVariableData&gt;
	&lt;myVisible&gt;1&lt;/myVisible&gt;
	&lt;myIndent&gt;0&lt;/myIndent&gt;
	&lt;myInternal&gt;0&lt;/myInternal&gt;
	&lt;myScriptedTaskVariableName&gt;&lt;/myScriptedTaskVariableName&gt;
&lt;/DtScriptedTaskVariable&gt;
</item>
		<item>&lt;?xml version=&quot;1.0&quot; encoding=&quot;UTF-8&quot; standalone=&quot;yes&quot; ?&gt;
&lt;!DOCTYPE boost_serialization&gt;
&lt;boost_serialization signature=&quot;serialization::archive&quot; version=&quot;9&quot;&gt;
&lt;DtScriptedTaskVariable class_id=&quot;0&quot; tracking_level=&quot;0&quot; version=&quot;4&quot;&gt;
	&lt;myVariableName&gt;dropoffPoint&lt;/myVariableName&gt;
	&lt;myType&gt;simulationobject&lt;/myType&gt;
	&lt;myLabel&gt;Drop Off Point&lt;/myLabel&gt;
	&lt;myToolTip&gt;Place where passengers will be disembarked&lt;/myToolTip&gt;
	&lt;myDefaultValue&gt;&lt;/myDefaultValue&gt;
	&lt;myRangeBottom&gt;-100000&lt;/myRangeBottom&gt;
	&lt;myRangeTop&gt;100000&lt;/myRangeTop&gt;
	&lt;myVariableData&gt;DtPointsFilter&lt;/myVariableData&gt;
	&lt;myVisible&gt;1&lt;/myVisible&gt;
	&lt;myIndent&gt;0&lt;/myIndent&gt;
	&lt;myInternal&gt;0&lt;/myInternal&gt;
	&lt;myScriptedTaskVariableName&gt;&lt;/myScriptedTaskVariableName&gt;
&lt;/DtScriptedTaskVariable&gt;
</item>
		<item>&lt;?xml version=&quot;1.0&quot; encoding=&quot;UTF-8&quot; standalone=&quot;yes&quot; ?&gt;
&lt;!DOCTYPE boost_serialization&gt;
&lt;boost_serialization signature=&quot;serialization::archive&quot; version=&quot;9&quot;&gt;
&lt;DtScriptedTaskVariable class_id=&quot;0&quot; tracking_level=&quot;0&quot; version=&quot;4&quot;&gt;
	&lt;myVariableName&gt;returnPoint&lt;/myVariableName&gt;
	&lt;myType&gt;simulationobject&lt;/myType&gt;
	&lt;myLabel&gt;Return Point&lt;/myLabel&gt;
	&lt;myToolTip&gt;Point to which entity flies after dropping off passengers.&lt;/myToolTip&gt;
	&lt;myDefaultValue&gt;&lt;/myDefaultValue&gt;
	&lt;myRangeBottom&gt;-100000&lt;/myRangeBottom&gt;
	&lt;myRangeTop&gt;100000&lt;/myRangeTop&gt;
	&lt;myVariableData&gt;DtPointsFilter&lt;/myVariableData&gt;
	&lt;myVisible&gt;1&lt;/myVisible&gt;
	&lt;myIndent&gt;0&lt;/myIndent&gt;
	&lt;myInternal&gt;0&lt;/myInternal&gt;
	&lt;myScriptedTaskVariableName&gt;&lt;/myScriptedTaskVariableName&gt;
&lt;/DtScriptedTaskVariable&gt;
</item>
	</myVariables>
	<myScript></myScript>
	<myActionCategories>Movement</myActionCategories>
	<myShowInMenu>1</myShowInMenu>
	<myEncrypted>0</myEncrypted>
	<myScriptType>1</myScriptType>
	<myDoctrines></myDoctrines>
	<myFlags>1</myFlags>
	<myShowInToolbar>0</myShowInToolbar>
	<myToolbarLocation></myToolbarLocation>
	<myExtendedMenuText></myExtendedMenuText>
	<myShortDescription></myShortDescription>
	<myUiLayout></myUiLayout>
	<myAliases class_id="2" tracking_level="0" version="0">
		<count>0</count>
		<item_version>0</item_version>
	</myAliases>
</DtScriptedTaskMetaData>
</boost_serialization>

