<?xml version="1.0" encoding="UTF-8"?>
<MessageBody xmlns:xsi="http://www.w3.org/2001/XMLSchema-instance"
 xsi:schemaLocation="http://www.sisostds.org/schemas/C2SIM/1.1 ../Schema/C2SIM/C2SIM_SMX_LOX_v1.0.2.xsd"
 xmlns="http://www.sisostds.org/schemas/C2SIM/1.1">
  <C2SIMInitializationBody>
    <!-- This file grew from the NATO MSG-201 CW2022 initialization file. It is built on the
      ORBAT developed by James Ruth of Trideum. Many of the units and objects it contains will
      not be used in CWIX 2023; howwever, they form a rich basis for CWIX experimentation and
      testing and as uch have been retained for possible future use. -->
    <ObjectDefinitions>
    <!-- UUID formation (NOTE: ForceSide UUID is zeros except for side)
      this UUUID format is artificial - done for ease of human decoding
      first 8: always 00000000
      next 4: side 0001 friendly, 0002 hostile, 0003 neutral (for ForceSide remainder of UUID is 0)
      next 4:nation friendly 0001, 0002, 0003, 0004 hostile 0007
      next 4: unit x000 BDE HQ, xx00 Bn HQ, xxx0 Coy, xxxx Plt or misc
      next 4: Order or Task number from the issuing unit (otherwise zeros)
      next 4: Event index associated with the identified unit (otherwise zeros)
      last 4: Control Feature or Tactical Graphic index associated with the identified unit
    -->
      <AbstractObject>
        <ForceSide>
          <Name>NATOCoalition</Name>
          <UUID>00000000-0001-0000-0000-000000000000</UUID>
          <ForceSideRelation>
            <HostilityStatusCode>HO</HostilityStatusCode>
            <OtherSide>00000000-0002-0000-0000-000000000000</OtherSide>
          </ForceSideRelation>
          <ForceSideRelation>
            <HostilityStatusCode>NEUTRL</HostilityStatusCode>
            <OtherSide>00000000-0003-0000-0000-000000000000</OtherSide>
          </ForceSideRelation>
        </ForceSide>
      </AbstractObject>
      <AbstractObject>
        <ForceSide>
          <Name>WASA</Name>
          <UUID>00000000-0002-0000-0000-000000000000</UUID>
          <ForceSideRelation>
            <HostilityStatusCode>HO</HostilityStatusCode>
            <OtherSide>00000000-0001-0000-0000-000000000000</OtherSide>
          </ForceSideRelation>
          <ForceSideRelation>
            <HostilityStatusCode>NEUTRL</HostilityStatusCode>
            <OtherSide>00000000-0003-0000-0000-000000000000</OtherSide>
          </ForceSideRelation>
        </ForceSide>
      </AbstractObject>
      <AbstractObject>
        <ForceSide>
          <Name>Neutral</Name>
          <UUID>00000000-0003-0000-0000-000000000000</UUID>
          <ForceSideRelation>
            <HostilityStatusCode>NEUTRL</HostilityStatusCode>
            <OtherSide>00000000-0001-0000-0000-000000000000</OtherSide>
          </ForceSideRelation>
          <ForceSideRelation>
            <HostilityStatusCode>NEUTRL</HostilityStatusCode>
            <OtherSide>00000000-0002-0000-0000-000000000000</OtherSide>
          </ForceSideRelation>
        </ForceSide>
      </AbstractObject>
      <!--Hostile Forces-->
      <!--parent unit of red force (not used; but a parent is needed for C2LG GUI)-->
      <Entity>
        <ActorEntity>
          <Platform>
            <Vehicle>
              <EntityDescriptor>
                <Side>00000000-0002-0000-0000-000000000000</Side>
                <Superior>00000000-0002-0007-3000-000000000000</Superior>
              </EntityDescriptor>
              <EntityType>
                <APP6-SIDC>
                  <SIDCString>SHGPUCAW----RS-</SIDCString>
                </APP6-SIDC>
              </EntityType>
              <EntityType>
                <DISEntityType>
                  <DISCategory>2</DISCategory>
                  <DISCountry>222</DISCountry>
                  <DISDomain>1</DISDomain>
                  <DISExtra>0</DISExtra>
                  <DISKind>1</DISKind>
                  <DISSpecific>0</DISSpecific>
                  <DISSubCategory>13</DISSubCategory>
                </DISEntityType>
              </EntityType>
              <Name>RedParent</Name>
              <UUID>00000000-0002-0007-2000-000000000000</UUID>
              <CurrentState>
                <PhysicalState>
                  <EntityHealthStatus>
                    <OperationalStatus>
                      <OperationalStatusCode>FullyOperational</OperationalStatusCode>
                    </OperationalStatus>
                  </EntityHealthStatus>
                  <Location>
                    <GeodeticCoordinate>
                      <Latitude>58.634</Latitude>
                      <Longitude>15.959</Longitude>
                    </GeodeticCoordinate>
                  </Location>
                </PhysicalState>
              </CurrentState>
            </Vehicle>
          </Platform>
        </ActorEntity>
      </Entity>
      
      <!--RED row 2 Norrkoping Fennek-->
      <Entity>
        <ActorEntity>
          <Platform>
            <Vehicle>
              <EntityDescriptor>
                <Side>00000000-0002-0000-0000-000000000000</Side>
                <Superior>00000000-0002-0007-2000-000000000000</Superior>
              </EntityDescriptor>
              <EntityType>
                <APP6-SIDC>
                  <SIDCString>SHGPUCAW----RS-</SIDCString>
                </APP6-SIDC>
              </EntityType>
              <EntityType>
                <DISEntityType>
                  <DISCategory>2</DISCategory>
                  <DISCountry>222</DISCountry>
                  <DISDomain>1</DISDomain>
                  <DISExtra>0</DISExtra>
                  <DISKind>1</DISKind>
                  <DISSpecific>0</DISSpecific>
                  <DISSubCategory>13</DISSubCategory>
                </DISEntityType>
              </EntityType>
              <Name>NorC1</Name>
              <UUID>00000000-0002-0007-1001-000000000000</UUID>
              <CurrentState>
                <PhysicalState>
                  <EntityHealthStatus>
                    <OperationalStatus>
                      <OperationalStatusCode>FullyOperational</OperationalStatusCode>
                    </OperationalStatus>
                  </EntityHealthStatus>
                  <Location>
                    <GeodeticCoordinate>
                      <Latitude>58.605881</Latitude>
                      <Longitude>16.236114</Longitude>
                    </GeodeticCoordinate>
                  </Location>
                </PhysicalState>
              </CurrentState>
            </Vehicle>
          </Platform>
        </ActorEntity>
      </Entity>
      
      <!--RED row added Norrkoping Soldier-->
      <Entity>
        <ActorEntity>
          <CollectiveEntity>
            <MilitaryOrganization><Unit>
              <EntityDescriptor>
                <Side>00000000-0002-0000-0000-000000000000</Side>
                <Superior>00000000-0002-0007-0001-000000000000</Superior>
              </EntityDescriptor>
              <CurrentState>
                <PhysicalState>
                  <EntityHealthStatus>
                    <OperationalStatus>
                      <OperationalStatusCode>FullyOperational</OperationalStatusCode>
                    </OperationalStatus>
                  </EntityHealthStatus>
                  <Location>
                    <GeodeticCoordinate>
                      <Latitude>58.60489</Latitude>
                      <Longitude>16.236114</Longitude>
                    </GeodeticCoordinate>
                  </Location>
                </PhysicalState>
              </CurrentState>
              <EntityType>
                <APP6-SIDC>
                  <SIDCString>SHGPUCI----BRS-</SIDCString>
                </APP6-SIDC>
              </EntityType>
              <EntityType>
                <DISEntityType>
                  <DISCategory>11</DISCategory>
                  <DISCountry>222</DISCountry>
                  <DISDomain>1</DISDomain>
                  <DISExtra>0</DISExtra>
                  <DISKind>3</DISKind>
                  <DISSpecific>34</DISSpecific>
                  <DISSubCategory>5</DISSubCategory>
                </DISEntityType>
              </EntityType>
              <Name>NorSoldier</Name>
              <UUID>00000000-0002-0007-1007-000000000000</UUID>
              <EchelonCode>NOS</EchelonCode>
            </Unit></MilitaryOrganization>
          </CollectiveEntity>
        </ActorEntity>
      </Entity>
      
      <!--RED Row3 Nykoping Cell-->
      <Entity>
        <ActorEntity>
          <CollectiveEntity>
            <MilitaryOrganization><Unit>
              <EntityDescriptor>
                <Side>00000000-0002-0000-0000-000000000000</Side>
                <Superior>00000000-0002-0007-2000-000000000000</Superior>
              </EntityDescriptor>
              <CurrentState>
                <PhysicalState>
                  <EntityHealthStatus>
                    <OperationalStatus>
                      <OperationalStatusCode>FullyOperational</OperationalStatusCode>
                    </OperationalStatus>
                  </EntityHealthStatus>
                  <Location>
                    <GeodeticCoordinate>
                      <Latitude>58.73751</Latitude>
                      <Longitude>17.028933</Longitude>
                    </GeodeticCoordinate>
                  </Location>
                </PhysicalState>
              </CurrentState>
              <EntityType>
                <APP6-SIDC>
                  <SIDCString>SHGPUCI-----RS-</SIDCString>
                </APP6-SIDC>
              </EntityType>
              <EntityType>
                <DISEntityType>
                  <DISCategory>13</DISCategory>
                  <DISCountry>222</DISCountry>
                  <DISDomain>1</DISDomain>
                  <DISExtra>1</DISExtra>
                  <DISKind>0</DISKind>
                  <DISSpecific>0</DISSpecific>
                  <DISSubCategory>34</DISSubCategory>
                </DISEntityType>
              </EntityType>
              <Name>NykC2</Name>
              <UUID>00000000-0002-0007-1002-000000000000</UUID>
              <EchelonCode>NOS</EchelonCode>
            </Unit></MilitaryOrganization>
          </CollectiveEntity>
        </ActorEntity>
      </Entity>
      
      <!--RED row 3 Nykoping Cell platform-->
      <Entity>
        <ActorEntity>
          <Platform>
            <Vehicle>
              <EntityDescriptor>
                <Side>00000000-0002-0000-0000-000000000000</Side>
                <Superior>00000000-0002-0007-1002-000000000000</Superior>
              </EntityDescriptor>
              <EntityType>
                <APP6-SIDC>
                  <SIDCString>SHGPUCAW----RS-</SIDCString>
                </APP6-SIDC>
              </EntityType>
              <EntityType>
                <DISEntityType>
                  <DISCategory>81</DISCategory>
                  <DISCountry>222</DISCountry>
                  <DISDomain>1</DISDomain>
                  <DISExtra>0</DISExtra>
                  <DISKind>1</DISKind>
                  <DISSpecific>1</DISSpecific>
                  <DISSubCategory>113</DISSubCategory>
                </DISEntityType>
              </EntityType>
              <Name>NykC2-platform</Name>
              <UUID>00000000-0002-0007-1012-000000000000</UUID>
              <CurrentState>
                <PhysicalState>
                  <EntityHealthStatus>
                    <OperationalStatus>
                      <OperationalStatusCode>FullyOperational</OperationalStatusCode>
                    </OperationalStatus>
                  </EntityHealthStatus>
                  <Location>
                    <GeodeticCoordinate>
                      <Latitude>58.605881</Latitude>
                      <Longitude>16.236114</Longitude>
                    </GeodeticCoordinate>
                  </Location>
                </PhysicalState>
              </CurrentState>
            </Vehicle>
          </Platform>
        </ActorEntity>
      </Entity>   
      
      <!--RED row 4 Oxelosund Cell-->
      <Entity>  
        <ActorEntity>
          <CollectiveEntity>
            <MilitaryOrganization><Unit>
              <EntityDescriptor>
                <Side>00000000-0002-0000-0000-000000000000</Side>
                <Superior>00000000-0002-0007-2000-000000000000</Superior>
              </EntityDescriptor>
              <CurrentState>
                <PhysicalState>
                  <EntityHealthStatus>
                    <OperationalStatus>
                      <OperationalStatusCode>FullyOperational</OperationalStatusCode>
                    </OperationalStatus>
                  </EntityHealthStatus>
                  <Location>
                    <GeodeticCoordinate>
                      <Latitude>58.689532</Latitude><!--Latitude>58.418038</Latitude-->
                      <Longitude>17.057163</Longitude><!--Longitude>15.64339</Longitude-->
                    </GeodeticCoordinate>
                  </Location>
                </PhysicalState>
              </CurrentState>
              <EntityType>
                <APP6-SIDC>
                  <SIDCString>SHGPUCI----BRS-</SIDCString>
                </APP6-SIDC>
              </EntityType>
              <EntityType>
                <DISEntityType>
                  <DISCategory>13</DISCategory>
                  <DISCountry>222</DISCountry>
                  <DISDomain>1</DISDomain>
                  <DISExtra>1</DISExtra>
                  <DISKind>0</DISKind>
                  <DISSpecific>0</DISSpecific>
                  <DISSubCategory>34</DISSubCategory>
                </DISEntityType>
              </EntityType>
              <Name>OxeC3</Name>
              <UUID>00000000-0002-0007-1003-000000000000</UUID>
              <EchelonCode>NOS</EchelonCode>
            </Unit></MilitaryOrganization>
          </CollectiveEntity>
        </ActorEntity>
      </Entity>
      
      <!--RED row 4 Oxelosund Cell platform-->
      <Entity>
        <ActorEntity>
          <Platform>
            <Vehicle>
              <EntityDescriptor>
                <Side>00000000-0002-0000-0000-000000000000</Side>
                <Superior>00000000-0002-0007-1003-000000000000</Superior>
              </EntityDescriptor>
              <EntityType>
                <APP6-SIDC>
                  <SIDCString>SHGPUCAW----RS-</SIDCString>
                </APP6-SIDC>
              </EntityType>
              <EntityType>
                <DISEntityType>
                  <DISCategory>81</DISCategory>
                  <DISCountry>222</DISCountry>
                  <DISDomain>1</DISDomain>
                  <DISExtra>0</DISExtra>
                  <DISKind>1</DISKind>
                  <DISSpecific>1</DISSpecific>
                  <DISSubCategory>113</DISSubCategory>
                </DISEntityType>
              </EntityType>
              <Name>OxeC3-platform</Name>
              <UUID>00000000-0002-0007-1013-000000000000</UUID>
              <CurrentState>
                <PhysicalState>
                  <EntityHealthStatus>
                    <OperationalStatus>
                      <OperationalStatusCode>FullyOperational</OperationalStatusCode>
                    </OperationalStatus>
                  </EntityHealthStatus>
                  <Location>
                    <GeodeticCoordinate>
                      <Latitude>58.689732</Latitude>
                      <Longitude>17.057163</Longitude>
                    </GeodeticCoordinate>
                  </Location>
                </PhysicalState>
              </CurrentState>
            </Vehicle>
          </Platform>
        </ActorEntity>
      </Entity>    
      
      <!--RED Row 5 Krokek Cell-->
      <Entity>
        <ActorEntity>
          <CollectiveEntity>
            <MilitaryOrganization><Unit>
              <EntityDescriptor>
                <Side>00000000-0002-0000-0000-000000000000</Side>
                <Superior>00000000-0002-0007-2000-000000000000</Superior>
              </EntityDescriptor>
              <CurrentState>
                <PhysicalState>
                  <EntityHealthStatus>
                    <OperationalStatus>
                      <OperationalStatusCode>FullyOperational</OperationalStatusCode>
                    </OperationalStatus>
                  </EntityHealthStatus>
                  <Location>
                    <GeodeticCoordinate>
                      <Latitude>58.66513</Latitude>
                      <Longitude>16.312227</Longitude>
                    </GeodeticCoordinate>
                  </Location>
                </PhysicalState>
              </CurrentState>
              <EntityType>
                <APP6-SIDC>
                  <SIDCString>SHGPUCI-----RS-</SIDCString>
                </APP6-SIDC>
              </EntityType>
              <EntityType>
                <DISEntityType>
                  <DISCategory>13</DISCategory>
                  <DISCountry>222</DISCountry>
                  <DISDomain>1</DISDomain>
                  <DISExtra>1</DISExtra>
                  <DISKind>0</DISKind>
                  <DISSpecific>0</DISSpecific>
                  <DISSubCategory>34</DISSubCategory>
                </DISEntityType>
              </EntityType>
              <Name>Krok</Name>
              <UUID>00000000-0002-0007-1004-000000000000</UUID>
              <EchelonCode>NOS</EchelonCode>
            </Unit></MilitaryOrganization>
          </CollectiveEntity>
        </ActorEntity>
      </Entity>
      
      <!--RED row 5 Krokek Cell platform-->
      <Entity>
        <ActorEntity>
          <Platform>
            <Vehicle>
              <EntityDescriptor>
                <Side>00000000-0002-0000-0000-000000000000</Side>
                <Superior>00000000-0002-0007-1004-000000000000</Superior>
              </EntityDescriptor>
              <EntityType>
                <APP6-SIDC>
                  <SIDCString>SHGPUCAW----RS-</SIDCString>
                </APP6-SIDC>
              </EntityType>
              <EntityType>
                <DISEntityType>
                  <DISCategory>81</DISCategory>
                  <DISCountry>222</DISCountry>
                  <DISDomain>1</DISDomain>
                  <DISExtra>0</DISExtra>
                  <DISKind>1</DISKind>
                  <DISSpecific>1</DISSpecific>
                  <DISSubCategory>113</DISSubCategory>
                </DISEntityType>
              </EntityType>
              <Name>NorC1-platform</Name>
              <UUID>00000000-0002-0007-1014-000000000000</UUID>
              <CurrentState>
                <PhysicalState>
                  <EntityHealthStatus>
                    <OperationalStatus>
                      <OperationalStatusCode>FullyOperational</OperationalStatusCode>
                    </OperationalStatus>
                  </EntityHealthStatus>
                  <Location>
                    <GeodeticCoordinate>
                      <Latitude>58.66713</Latitude>
                      <Longitude>16.312227</Longitude>
                    </GeodeticCoordinate>
                  </Location>
                </PhysicalState>
              </CurrentState>
            </Vehicle>
          </Platform>
        </ActorEntity>
      </Entity>  
      
      <!--RED Row 6 Linkoping Cell-->
      <Entity>
        <ActorEntity>
          <CollectiveEntity>
            <MilitaryOrganization><Unit>
              <EntityDescriptor>
                <Side>00000000-0002-0000-0000-000000000000</Side>
                <Superior>00000000-0002-0007-2000-000000000000</Superior>
              </EntityDescriptor>
              <CurrentState>
                <PhysicalState>
                  <EntityHealthStatus>
                    <OperationalStatus>
                      <OperationalStatusCode>FullyOperational</OperationalStatusCode>
                    </OperationalStatus>
                  </EntityHealthStatus>
                  <Location>
                    <GeodeticCoordinate>
                      <Latitude>58.477939</Latitude>
                      <Longitude>16.901948</Longitude>
                    </GeodeticCoordinate>
                  </Location>
                </PhysicalState>
              </CurrentState>
              <EntityType>
                <APP6-SIDC>
                  <SIDCString>SHGPUCI-----RS-</SIDCString>
                </APP6-SIDC>
              </EntityType>
              <EntityType>
                <DISEntityType>
                  <DISCategory>13</DISCategory>
                  <DISCountry>222</DISCountry>
                  <DISDomain>1</DISDomain>
                  <DISExtra>1</DISExtra>
                  <DISKind>0</DISKind>
                  <DISSpecific>0</DISSpecific>
                  <DISSubCategory>34</DISSubCategory>
                </DISEntityType>
              </EntityType>
              <Name>Link</Name>
              <UUID>00000000-0002-0007-1005-000000000000</UUID>
              <EchelonCode>NOS</EchelonCode>
            </Unit></MilitaryOrganization>
          </CollectiveEntity>
        </ActorEntity>
      </Entity>
      
      <!--RED row 5 Linkoping Cell platform-->
      <Entity>
        <ActorEntity>
          <Platform>
            <Vehicle>
              <EntityDescriptor>
                <Side>00000000-0002-0000-0000-000000000000</Side>
                <Superior>00000000-0002-0007-1005-000000000000</Superior>
              </EntityDescriptor>
              <EntityType>
                <APP6-SIDC>
                  <SIDCString>SHGPUCAW----RS-</SIDCString>
                </APP6-SIDC>
              </EntityType>
              <EntityType>
                <DISEntityType>
                  <DISCategory>81</DISCategory>
                  <DISCountry>222</DISCountry>
                  <DISDomain>1</DISDomain>
                  <DISExtra>0</DISExtra>
                  <DISKind>1</DISKind>
                  <DISSpecific>1</DISSpecific>
                  <DISSubCategory>113</DISSubCategory>
                </DISEntityType>
              </EntityType>
              <Name>Link-platform</Name>
              <UUID>00000000-0002-0007-1015-000000000000</UUID>
              <CurrentState>
                <PhysicalState>
                  <EntityHealthStatus>
                    <OperationalStatus>
                      <OperationalStatusCode>FullyOperational</OperationalStatusCode>
                    </OperationalStatus>
                  </EntityHealthStatus>
                  <Location>
                    <GeodeticCoordinate>
                      <Latitude>58.479939</Latitude>
                      <Longitude>16.901948</Longitude>
                    </GeodeticCoordinate>
                  </Location>
                </PhysicalState>
              </CurrentState>
            </Vehicle>
          </Platform>
        </ActorEntity>
      </Entity>  
      
      <!--RED Row 7 Small Boat Cell-->
      <Entity>
        <ActorEntity>
          <CollectiveEntity>
            <MilitaryOrganization><Unit>
              <EntityDescriptor>
                <Side>00000000-0002-0000-0000-000000000000</Side>
                <Superior>00000000-0002-0007-2000-000000000000</Superior>
              </EntityDescriptor>
              <CurrentState>
                <PhysicalState>
                  <EntityHealthStatus>
                    <OperationalStatus>
                      <OperationalStatusCode>FullyOperational</OperationalStatusCode>
                    </OperationalStatus>
                  </EntityHealthStatus>
                  <Location>
                    <GeodeticCoordinate>
                      <Latitude>58.644655</Latitude>
                      <Longitude>16.427088</Longitude>
                    </GeodeticCoordinate>
                  </Location>
                </PhysicalState>
              </CurrentState>
              <EntityType>
                <APP6-SIDC>
                  <SIDCString>SHGPUCI-----RS-</SIDCString>
                </APP6-SIDC>
              </EntityType>
              <EntityType>
                <DISEntityType>
                  <DISCategory>13</DISCategory>
                  <DISCountry>222</DISCountry>
                  <DISDomain>1</DISDomain>
                  <DISExtra>1</DISExtra>
                  <DISKind>0</DISKind>
                  <DISSpecific>0</DISSpecific>
                  <DISSubCategory>34</DISSubCategory>
                </DISEntityType>
              </EntityType>
              <Name>SBC8</Name>
              <UUID>00000000-0002-0007-1006-000000000000</UUID>
              <EchelonCode>NOS</EchelonCode>
            </Unit></MilitaryOrganization>
          </CollectiveEntity>
        </ActorEntity>
      </Entity>
      
      <!--RED Row 7 Small Boat Cell platform-->
      <Entity>
        <ActorEntity>
          <Platform>
            <Vehicle>
              <EntityDescriptor>
                <Side>00000000-0002-0000-0000-000000000000</Side>
                <Superior>00000000-0002-0007-1006-000000000000</Superior>
              </EntityDescriptor>
              <EntityType>
                <APP6-SIDC>
                  <SIDCString>SHGPUCI-----RS-</SIDCString>
                </APP6-SIDC>
              </EntityType>
              <EntityType>
                <DISEntityType>
                  <DISCategory>13</DISCategory>
                  <DISCountry>222</DISCountry>
                  <DISDomain>1</DISDomain>
                  <DISExtra>1</DISExtra>
                  <DISKind>0</DISKind>
                  <DISSpecific>0</DISSpecific>
                  <DISSubCategory>34</DISSubCategory>
                </DISEntityType>
              </EntityType>
              <Name>SBC-boat</Name>
              <UUID>00000000-0002-0007-1016-000000000000</UUID>
              <CurrentState>
                <PhysicalState>
                  <EntityHealthStatus>
                    <OperationalStatus>
                      <OperationalStatusCode>FullyOperational</OperationalStatusCode>
                    </OperationalStatus>
                  </EntityHealthStatus>
                  <Location>
                    <GeodeticCoordinate>
                      <Latitude>58.646655</Latitude>
                      <Longitude>16.427088</Longitude>
                    </GeodeticCoordinate>
                  </Location>
                </PhysicalState>
              </CurrentState>
            </Vehicle>
          </Platform>
        </ActorEntity>
      </Entity>
      
      <!-- Friendly Forces-->
      
      <!-- BDE HQ-->
      <Entity>  
        <ActorEntity>
          <CollectiveEntity>
            <MilitaryOrganization><Unit>
              <EntityDescriptor>
                <Side>00000000-0001-0000-0000-000000000000</Side>
                <Superior>00000000-0001-0001-0000-000000000000</Superior>
              </EntityDescriptor>
              <CurrentState>
                <PhysicalState>
                  <EntityHealthStatus>
                    <OperationalStatus>
                      <OperationalStatusCode>FullyOperational</OperationalStatusCode>
                    </OperationalStatus>
                  </EntityHealthStatus>
                  <Location>
                    <GeodeticCoordinate>
                      <Latitude>58.586727</Latitude>
                      <Longitude>16.214798</Longitude>
                    </GeodeticCoordinate>
                  </Location>
                </PhysicalState>
              </CurrentState>
              <EntityType>
                <APP6-SIDC>
                  <SIDCString>SFGPUCI-----GM-</SIDCString>
                </APP6-SIDC>
              </EntityType>
              <EntityType>
                <DISEntityType> <!-- M557 Tank -->
                  <DISCategory>3</DISCategory>
                  <DISCountry>78</DISCountry>
                  <DISDomain>1</DISDomain>
                  <DISExtra>0</DISExtra>
                  <DISKind>1</DISKind>
                  <DISSpecific>0</DISSpecific>
                  <DISSubCategory>11</DISSubCategory>
                </DISEntityType>
              </EntityType>
              <Name>BDEHQ</Name>
              <UUID>00000000-0001-0001-1000-000000000000</UUID>
              <EchelonCode>BDE</EchelonCode>
            </Unit>
            </MilitaryOrganization>
          </CollectiveEntity>
        </ActorEntity>
      </Entity>
      
      <!--1st Bn HQ-->
      <Entity>
        <ActorEntity>
          <CollectiveEntity>
            <MilitaryOrganization><Unit>
              <EntityDescriptor>
                <Side>00000000-0001-0000-0000-000000000000</Side>
                <Superior>00000000-0001-0001-1000-000000000000</Superior>
              </EntityDescriptor>
              <CurrentState>
                <PhysicalState>
                  <EntityHealthStatus>
                    <OperationalStatus>
                      <OperationalStatusCode>FullyOperational</OperationalStatusCode>
                    </OperationalStatus>
                  </EntityHealthStatus>
                  <Location>
                    <GeodeticCoordinate>
                      <Latitude>58.584053</Latitude>
                      <Longitude>16.214798</Longitude>
                    </GeodeticCoordinate>
                  </Location>
                </PhysicalState>
              </CurrentState>
              <EntityType>
                <APP6-SIDC>
                  <SIDCString>SFGPUCI---AFUS-</SIDCString>
                </APP6-SIDC>
              </EntityType>
              <EntityType>
                <DISEntityType>
                  <DISCategory>5</DISCategory>
                  <DISCountry>225</DISCountry>
                  <DISDomain>1</DISDomain>
                  <DISExtra>0</DISExtra>
                  <DISKind>0</DISKind>
                  <DISSpecific>0</DISSpecific>
                  <DISSubCategory>20</DISSubCategory>
                </DISEntityType>
              </EntityType>
              <Name>1BnHQ</Name>
              <UUID>00000000-0001-0001-1100-000000000000</UUID>
              <EchelonCode>BN</EchelonCode>
            </Unit></MilitaryOrganization>
          </CollectiveEntity>
        </ActorEntity>
      </Entity>
      
      <!--1st Bn Coy A-->
      <Entity>
        <ActorEntity>
          <CollectiveEntity>
            <MilitaryOrganization><Unit>
              <EntityDescriptor>
                <Side>00000000-0001-0000-0000-000000000000</Side>
                <Superior>00000000-0001-0001-1100-000000000000</Superior>
              </EntityDescriptor>
              <CurrentState>
                <PhysicalState>
                  <EntityHealthStatus>
                    <OperationalStatus>
                      <OperationalStatusCode>FullyOperational</OperationalStatusCode>
                    </OperationalStatus>
                  </EntityHealthStatus>
                  <Location>
                    <GeodeticCoordinate>
                      <Latitude>58.588053</Latitude>
                      <Longitude>16.214798</Longitude>
                    </GeodeticCoordinate>
                  </Location>
                </PhysicalState>
              </CurrentState>
              <EntityType>
                <APP6-SIDC>
                  <SIDCString>SFGPUCI----EUS-</SIDCString>
                </APP6-SIDC>
              </EntityType>
              <EntityType>
                <DISEntityType>
                  <DISCategory>5</DISCategory>
                  <DISCountry>225</DISCountry>
                  <DISDomain>1</DISDomain>
                  <DISExtra>0</DISExtra>
                  <DISKind>0</DISKind>
                  <DISSpecific>0</DISSpecific>
                  <DISSubCategory>2</DISSubCategory>
                </DISEntityType>
              </EntityType>
              <Name>1BnACoy</Name>
              <UUID>00000000-0001-0001-1110-000000000000</UUID>
              <EchelonCode>COY</EchelonCode>
            </Unit></MilitaryOrganization>
          </CollectiveEntity>
        </ActorEntity>
      </Entity>
      
      <!--1stBn Coy B-->
      <Entity>
        <ActorEntity>
          <CollectiveEntity>
            <MilitaryOrganization><Unit>
              <EntityDescriptor>
                <Side>00000000-0001-0000-0000-000000000000</Side>
                <Superior>00000000-0001-0001-1100-000000000000</Superior>
              </EntityDescriptor>
              <CurrentState>
                <PhysicalState>
                  <EntityHealthStatus>
                    <OperationalStatus>
                      <OperationalStatusCode>FullyOperational</OperationalStatusCode>
                    </OperationalStatus>
                  </EntityHealthStatus>
                  <Location>
                    <GeodeticCoordinate>
                      <Latitude>58.590053</Latitude>
                      <Longitude>16.249418</Longitude>
                    </GeodeticCoordinate>
                  </Location>
                </PhysicalState>
              </CurrentState>
              <EntityType>
                <APP6-SIDC>
                  <SIDCString>SFGPUCI----EUS-</SIDCString>
                </APP6-SIDC>
              </EntityType>
              <EntityType>
                <DISEntityType>
                  <DISCategory>5</DISCategory>
                  <DISCountry>225</DISCountry>
                  <DISDomain>1</DISDomain>
                  <DISExtra>0</DISExtra>
                  <DISKind>0</DISKind>
                  <DISSpecific>0</DISSpecific>
                  <DISSubCategory>2</DISSubCategory>
                </DISEntityType>
              </EntityType>
              <Name>1BnBCoy</Name>
              <UUID>00000000-0001-0001-1120-000000000000</UUID>
              <EchelonCode>COY</EchelonCode>
            </Unit></MilitaryOrganization>
          </CollectiveEntity>
        </ActorEntity>
      </Entity>
      
      <!--2nd Bn HQ-->
      <Entity>
        <ActorEntity>
          <CollectiveEntity>
            <MilitaryOrganization><Unit>
              <EntityDescriptor>
                <Side>00000000-0001-0000-0000-000000000000</Side>
                <Superior>00000000-0001-0001-1000-000000000000</Superior>
              </EntityDescriptor>
              <CurrentState>
                <PhysicalState>
                  <EntityHealthStatus>
                    <OperationalStatus>
                      <OperationalStatusCode>FullyOperational</OperationalStatusCode>
                    </OperationalStatus>
                  </EntityHealthStatus>
                  <Location>
                    <GeodeticCoordinate>
                      <Latitude>58.591201</Latitude>
                      <Longitude>16.241706</Longitude>
                    </GeodeticCoordinate>
                  </Location>
                </PhysicalState>
              </CurrentState>
              <EntityType>
                <APP6-SIDC>
                  <SIDCString>SFGPUCI---AFUS-</SIDCString>
                </APP6-SIDC>
              </EntityType>
              <EntityType>
                <DISEntityType>
                  <DISCategory>5</DISCategory>
                  <DISCountry>225</DISCountry>
                  <DISDomain>1</DISDomain>
                  <DISExtra>0</DISExtra>
                  <DISKind>0</DISKind>
                  <DISSpecific>0</DISSpecific>
                  <DISSubCategory>20</DISSubCategory>
                </DISEntityType>
              </EntityType>
              <Name>2BnHQ</Name>
              <UUID>00000000-0001-0001-1200-000000000000</UUID>
              <EchelonCode>BN</EchelonCode>
            </Unit></MilitaryOrganization>
          </CollectiveEntity>
        </ActorEntity>
      </Entity>
      
      <!--2nd Bn Coy A-->
      <Entity>
        <ActorEntity>
          <CollectiveEntity>
            <MilitaryOrganization><Unit>
              <EntityDescriptor>
                <Side>00000000-0001-0000-0000-000000000000</Side>
                <Superior>00000000-0001-0001-1200-000000000000</Superior>
              </EntityDescriptor>
              <CurrentState>
                <PhysicalState>
                  <EntityHealthStatus>
                    <OperationalStatus>
                      <OperationalStatusCode>FullyOperational</OperationalStatusCode>
                    </OperationalStatus>
                  </EntityHealthStatus>
                  <Location>
                    <GeodeticCoordinate>
                      <Latitude>58.593201</Latitude>
                        <Longitude>16.2417068</Longitude>
                    </GeodeticCoordinate>
                  </Location>
                </PhysicalState>
              </CurrentState>
              <EntityType>
                <APP6-SIDC>
                  <SIDCString>SFGPUCI----EUS-</SIDCString>
                </APP6-SIDC>
              </EntityType>
              <EntityType>
                <DISEntityType>
                  <DISCategory>5</DISCategory>
                  <DISCountry>225</DISCountry>
                  <DISDomain>1</DISDomain>
                  <DISExtra>0</DISExtra>
                  <DISKind>0</DISKind>
                  <DISSpecific>0</DISSpecific>
                  <DISSubCategory>2</DISSubCategory>
                </DISEntityType>
              </EntityType>
              <Name>2BnACoy</Name>
              <UUID>00000000-0001-0001-1210-000000000000</UUID>
              <EchelonCode>COY</EchelonCode>
            </Unit></MilitaryOrganization>
          </CollectiveEntity>
        </ActorEntity>
      </Entity>
      
      <!--2nd Bn Coy B-->
      <Entity>
        <ActorEntity>
          <CollectiveEntity>
            <MilitaryOrganization><Unit>
              <EntityDescriptor>
                <Side>00000000-0001-0000-0000-000000000000</Side>
                <Superior>00000000-0001-0001-1200-000000000000</Superior>
              </EntityDescriptor>
              <CurrentState>
                <PhysicalState>
                  <EntityHealthStatus>
                    <OperationalStatus>
                      <OperationalStatusCode>FullyOperational</OperationalStatusCode>
                    </OperationalStatus>
                  </EntityHealthStatus>
                  <Location>
                    <GeodeticCoordinate>
                      <Latitude>58.595201</Latitude>
                      <Longitude>16.241706</Longitude>
                    </GeodeticCoordinate>
                  </Location>
                </PhysicalState>
              </CurrentState>
              <EntityType>
                <APP6-SIDC>
                  <SIDCString>SFGPUCI----EUS-</SIDCString>
                </APP6-SIDC>
              </EntityType>
              <EntityType>
                <DISEntityType>
                  <DISCategory>5</DISCategory>
                  <DISCountry>225</DISCountry>
                  <DISDomain>1</DISDomain>
                  <DISExtra>0</DISExtra>
                  <DISKind>0</DISKind>
                  <DISSpecific>0</DISSpecific>
                  <DISSubCategory>2</DISSubCategory>
                </DISEntityType>
              </EntityType>
              <Name>2BnBCoy</Name>
              <UUID>00000000-0001-0001-1220-000000000000</UUID>
              <EchelonCode>COY</EchelonCode>
            </Unit></MilitaryOrganization>
          </CollectiveEntity>
        </ActorEntity>
      </Entity>
      
      <!--2nd Bn Coy C-->
      <Entity>
        <ActorEntity>
          <CollectiveEntity>
            <MilitaryOrganization><Unit>
              <EntityDescriptor>
                <Side>00000000-0001-0000-0000-000000000000</Side>
                <Superior>00000000-0001-0001-1200-000000000000</Superior>
              </EntityDescriptor>
              <CurrentState>
                <PhysicalState>
                  <EntityHealthStatus>
                    <OperationalStatus>
                      <OperationalStatusCode>FullyOperational</OperationalStatusCode>
                    </OperationalStatus>
                  </EntityHealthStatus>
                  <Location>
                    <GeodeticCoordinate>
                      <Latitude>58.597201</Latitude>
                      <Longitude>16.241706</Longitude>
                    </GeodeticCoordinate>
                  </Location>
                </PhysicalState>
              </CurrentState>
              <EntityType>
                <APP6-SIDC>
                  <SIDCString>SFGPUCI----EUS-</SIDCString>
                </APP6-SIDC>
              </EntityType>
              <EntityType>
                <DISEntityType>
                  <DISCategory>5</DISCategory>
                  <DISCountry>225</DISCountry>
                  <DISDomain>1</DISDomain>
                  <DISExtra>0</DISExtra>
                  <DISKind>0</DISKind>
                  <DISSpecific>0</DISSpecific>
                  <DISSubCategory>2</DISSubCategory>
                </DISEntityType>
              </EntityType>
              <Name>2BnCCoy</Name>
              <UUID>00000000-0001-0001-1230-000000000000</UUID>
              <EchelonCode>COY</EchelonCode>
            </Unit></MilitaryOrganization>
          </CollectiveEntity>
        </ActorEntity>
      </Entity>
      
      <!--3rd Bn HQ-->
      <Entity>       
        <ActorEntity>
          <CollectiveEntity>
            <MilitaryOrganization><Unit>
              <EntityDescriptor>
                <Side>00000000-0001-0000-0000-000000000000</Side>
                <Superior>00000000-0001-0001-1000-000000000000</Superior>
              </EntityDescriptor>
              <CurrentState>
                <PhysicalState>
                  <EntityHealthStatus>
                    <OperationalStatus>
                      <OperationalStatusCode>FullyOperational</OperationalStatusCode>
                    </OperationalStatus>
                  </EntityHealthStatus>
                  <Location>
                    <GeodeticCoordinate>
                      <Latitude>58.575894</Latitude>
                      <Longitude>16.259419</Longitude>
                    </GeodeticCoordinate>
                  </Location>
                </PhysicalState>
              </CurrentState>
              <EntityType>
                <APP6-SIDC>
                  <SIDCString>SFGPUCI---AFGM-</SIDCString>
                </APP6-SIDC>
              </EntityType>
              <EntityType>
                <DISEntityType> <!-- M557 Tank -->
                  <DISCategory>3</DISCategory>
                  <DISCountry>78</DISCountry>
                  <DISDomain>1</DISDomain>
                  <DISExtra>0</DISExtra>
                  <DISKind>1</DISKind>
                  <DISSpecific>0</DISSpecific>
                  <DISSubCategory>11</DISSubCategory>
                </DISEntityType>
              </EntityType>
              <Name>3BnHQ</Name>
              <UUID>00000000-0001-0001-1300-000000000000</UUID>
              <EchelonCode>BN</EchelonCode>
            </Unit></MilitaryOrganization>
          </CollectiveEntity>
        </ActorEntity>
      </Entity>
      
      <!--Row18 2nd Bn Coy A-->
      <Entity>
        <ActorEntity>
          <CollectiveEntity>
            <MilitaryOrganization><Unit>
              <EntityDescriptor>
                <Side>00000000-0001-0000-0000-000000000000</Side>
                <Superior>00000000-0001-0001-1300-000000000000</Superior>
              </EntityDescriptor>
              <CurrentState>
                <PhysicalState>
                  <EntityHealthStatus>
                    <OperationalStatus>
                      <OperationalStatusCode>FullyOperational</OperationalStatusCode>
                    </OperationalStatus>
                  </EntityHealthStatus>
                  <Location>
                    <GeodeticCoordinate>
                      <Latitude>58.575894</Latitude>
                      <Longitude>16.259419</Longitude>
                    </GeodeticCoordinate>
                  </Location>
                </PhysicalState>
              </CurrentState>
              <EntityType>
                <APP6-SIDC>
                  <SIDCString>SFGPUCI----EGM-</SIDCString>
                </APP6-SIDC>
              </EntityType>
              <EntityType>
                <DISEntityType>
                  <DISCategory>5</DISCategory>
                  <DISCountry>78</DISCountry>
                  <DISDomain>1</DISDomain>
                  <DISExtra>0</DISExtra>
                  <DISKind>0</DISKind>
                  <DISSpecific>0</DISSpecific>
                  <DISSubCategory>2</DISSubCategory>
                </DISEntityType>
              </EntityType>
              <Name>3BnACoy</Name>
              <UUID>00000000-0001-0001-1310-000000000000</UUID>
              <EchelonCode>COY</EchelonCode>
            </Unit></MilitaryOrganization>
          </CollectiveEntity>
        </ActorEntity>
      </Entity>
      
      <!--Row19 2nd Bn Coy B-->
      <Entity>
        <ActorEntity>
          <CollectiveEntity>
            <MilitaryOrganization><Unit>
              <EntityDescriptor>
                <Side>00000000-0001-0000-0000-000000000000</Side>
                <Superior>00000000-0001-0001-1300-000000000000</Superior>
              </EntityDescriptor>
              <CurrentState>
                <PhysicalState>
                  <EntityHealthStatus>
                    <OperationalStatus>
                      <OperationalStatusCode>FullyOperational</OperationalStatusCode>
                    </OperationalStatus>
                  </EntityHealthStatus>
                  <Location>
                    <GeodeticCoordinate>
                      <Latitude>58.575894</Latitude>
                      <Longitude>16.2594198</Longitude>
                    </GeodeticCoordinate>
                  </Location>
                </PhysicalState>
              </CurrentState>
              <EntityType>
                <APP6-SIDC>
                  <SIDCString>SFGPUCI----EUS-</SIDCString>
                </APP6-SIDC>
              </EntityType>
              <EntityType>
                <DISEntityType>
                  <DISCategory>5</DISCategory>
                  <DISCountry>225</DISCountry>
                  <DISDomain>1</DISDomain>
                  <DISExtra>0</DISExtra>
                  <DISKind>0</DISKind>
                  <DISSpecific>0</DISSpecific>
                  <DISSubCategory>2</DISSubCategory>
                </DISEntityType>
              </EntityType>
              <Name>3BnBCoy</Name>
              <UUID>00000000-0001-0001-1320-000000000000</UUID>
              <EchelonCode>COY</EchelonCode>
            </Unit></MilitaryOrganization>
          </CollectiveEntity>
        </ActorEntity>
      </Entity>
      
      <!--Row20 3rd Bn Coy C-->
      <Entity>
        <ActorEntity>
          <CollectiveEntity>
            <MilitaryOrganization><Unit>
              <EntityDescriptor>
                <Side>00000000-0001-0000-0000-000000000000</Side>
                <Superior>00000000-0001-0001-1300-000000000000</Superior>
              </EntityDescriptor>
              <CurrentState>
                <PhysicalState>
                  <EntityHealthStatus>
                    <OperationalStatus>
                      <OperationalStatusCode>FullyOperational</OperationalStatusCode>
                    </OperationalStatus>
                  </EntityHealthStatus>
                  <Location>
                    <GeodeticCoordinate>
                      <Latitude>58.575894</Latitude>
                      <Longitude>16.259419</Longitude>
                    </GeodeticCoordinate>
                  </Location>
                </PhysicalState>
              </CurrentState>
              <EntityType>
                <APP6-SIDC>
                  <SIDCString>SFGPUCI----EFR-</SIDCString>
                </APP6-SIDC>
              </EntityType>
              <EntityType>
                <DISEntityType>
                  <DISCategory>5</DISCategory>
                  <DISCountry>71</DISCountry>
                  <DISDomain>1</DISDomain>
                  <DISExtra>0</DISExtra>
                  <DISKind>0</DISKind>
                  <DISSpecific>0</DISSpecific>
                  <DISSubCategory>2</DISSubCategory>
                </DISEntityType>
              </EntityType>
              <Name>3BnCCoy</Name>
              <UUID>00000000-0001-0001-1330-000000000000</UUID>
              <EchelonCode>COY</EchelonCode>
            </Unit></MilitaryOrganization>
          </CollectiveEntity>
        </ActorEntity>
      </Entity>
      
      <!--4th Bn (Aviation) HQ-->
      <Entity>
        <ActorEntity>
          <CollectiveEntity>
            <MilitaryOrganization><Unit>
              <EntityDescriptor>
                <Side>00000000-0001-0000-0000-000000000000</Side>
                <Superior>00000000-0001-0001-1000-000000000000</Superior>
              </EntityDescriptor>
              <CurrentState>
                <PhysicalState>
                  <EntityHealthStatus>
                    <OperationalStatus>
                      <OperationalStatusCode>FullyOperational</OperationalStatusCode>
                    </OperationalStatus>
                  </EntityHealthStatus>
                  <Location>
                    <GeodeticCoordinate>
                      <Latitude>58.584727</Latitude>
                      <Longitude>16.249418</Longitude>
                    </GeodeticCoordinate>
                  </Location>
                </PhysicalState>
              </CurrentState>
              <EntityType>
                <APP6-SIDC>
                  <SIDCString>SFGPUCVR----FR-</SIDCString>
                </APP6-SIDC>
              </EntityType>
              <EntityType>
                <DISEntityType>
                  <DISCategory>5</DISCategory>
                  <DISCountry>71</DISCountry>
                  <DISDomain>1</DISDomain>
                  <DISExtra>0</DISExtra>
                  <DISKind>0</DISKind>
                  <DISSpecific>0</DISSpecific>
                  <DISSubCategory>20</DISSubCategory>
                </DISEntityType>
              </EntityType>
              <Name>4BnHQ</Name>
              <UUID>00000000-0001-0001-1400-000000000000</UUID>
              <EchelonCode>BN</EchelonCode>
            </Unit></MilitaryOrganization>
          </CollectiveEntity>
        </ActorEntity>
      </Entity>
      
      <!--Row22 4th Bn QRF (CH-47)-->
      <Entity>
        <ActorEntity>
          <CollectiveEntity>
            <MilitaryOrganization><Unit>
              <EntityDescriptor>
                <Side>00000000-0001-0000-0000-000000000000</Side>
                <Superior>00000000-0001-0001-1400-000000000000</Superior>
              </EntityDescriptor>
              <CurrentState>
                <PhysicalState>
                  <EntityHealthStatus>
                    <OperationalStatus>
                      <OperationalStatusCode>FullyOperational</OperationalStatusCode>
                    </OperationalStatus>
                  </EntityHealthStatus>
                  <Location>
                    <GeodeticCoordinate>
                      <Latitude>58.588727</Latitude>
                      <Longitude>16.249418</Longitude>
                    </GeodeticCoordinate>
                  </Location>
                </PhysicalState>
              </CurrentState>
              <EntityType>
                <APP6-SIDC>
                  <SIDCString>SFAPUCVRUH--US-</SIDCString>
                </APP6-SIDC>
              </EntityType>
              <EntityType>
                <DISEntityType>
                  <DISCategory>23</DISCategory>
                  <DISCountry>225</DISCountry>
                  <DISDomain>2</DISDomain>
                  <DISExtra>0</DISExtra>
                  <DISKind>1</DISKind>
                  <DISSpecific>1</DISSpecific>
                  <DISSubCategory>1</DISSubCategory>
                </DISEntityType>
              </EntityType>
              <Name>4BnBdeQRF</Name>
              <UUID>00000000-0001-0001-1411-000000000000</UUID>
              <EchelonCode>NOS</EchelonCode>
            </Unit></MilitaryOrganization>
          </CollectiveEntity>
        </ActorEntity>
      </Entity>  
    
      <!--No row 1 Bn C Coy HQ-->
      <Entity>
        <ActorEntity>
          <CollectiveEntity>
            <MilitaryOrganization><Unit>
              <EntityDescriptor>
                <Side>00000000-0001-0000-0000-000000000000</Side>
                <Superior>00000000-0001-0001-1100-000000000000</Superior>
              </EntityDescriptor>
              <CurrentState>
                <PhysicalState>
                  <EntityHealthStatus>
                    <OperationalStatus>
                      <OperationalStatusCode>FullyOperational</OperationalStatusCode>
                    </OperationalStatus>
                  </EntityHealthStatus>
                  <Location>
                    <GeodeticCoordinate>
                      <Latitude>58.582053</Latitude>
                      <Longitude>16.249418</Longitude>
                    </GeodeticCoordinate>
                  </Location>
                </PhysicalState>
              </CurrentState>
              <EntityType>
                <APP6-SIDC>
                  <SIDCString>SFGPUCI----DUS-</SIDCString>
                </APP6-SIDC>
              </EntityType>
              <EntityType>
                <DISEntityType>
                  <DISCategory>5</DISCategory>
                  <DISCountry>225</DISCountry>
                  <DISDomain>1</DISDomain>
                  <DISExtra>0</DISExtra>
                  <DISKind>0</DISKind>
                  <DISSpecific>0</DISSpecific>
                  <DISSubCategory>20</DISSubCategory>
                </DISEntityType>
              </EntityType>
              <Name>1BnCHQ</Name>
              <UUID>00000000-0001-0001-1130-000000000000</UUID>
              <EchelonCode>PLT</EchelonCode>
            </Unit></MilitaryOrganization>
          </CollectiveEntity>
        </ActorEntity>
      </Entity>
      
      <!--Row23 1 Bn C Coy 1st Platoon-->
      <Entity>
        <ActorEntity>
          <CollectiveEntity>
            <MilitaryOrganization><Unit>
              <EntityDescriptor>
                <Side>00000000-0001-0000-0000-000000000000</Side>
                <Superior>00000000-0001-0001-1130-000000000000</Superior>
              </EntityDescriptor>
              <CurrentState>
                <PhysicalState>
                  <EntityHealthStatus>
                    <OperationalStatus>
                      <OperationalStatusCode>FullyOperational</OperationalStatusCode>
                    </OperationalStatus>
                  </EntityHealthStatus>
                  <Location>
                    <GeodeticCoordinate>
                      <Latitude>58.582053</Latitude>
                      <Longitude>16.249418</Longitude>
                    </GeodeticCoordinate>
                  </Location>
                </PhysicalState>
              </CurrentState>
              <EntityType>
                <APP6-SIDC>
                  <SIDCString>SFGPUCI----DFR-</SIDCString>
                </APP6-SIDC>
              </EntityType>
              <EntityType>
                <DISEntityType>
                  <DISCategory>3</DISCategory>
                  <DISCountry>71</DISCountry>
                  <DISDomain>1</DISDomain>
                  <DISExtra>0</DISExtra>
                  <DISKind>0</DISKind>
                  <DISSpecific>0</DISSpecific>
                  <DISSubCategory>2</DISSubCategory>
                </DISEntityType>
              </EntityType>
              <Name>1BnCp1</Name>
              <UUID>00000000-0001-0001-1131-000000000000</UUID>
              <EchelonCode>PLT</EchelonCode>
            </Unit></MilitaryOrganization>
          </CollectiveEntity>
        </ActorEntity>
      </Entity>
      
      <!--Row24 1 Bn C Coy 2nd Platoon-->
      <Entity>
        <ActorEntity>
          <CollectiveEntity>
            <MilitaryOrganization><Unit>
              <EntityDescriptor>
                <Side>00000000-0001-0000-0000-000000000000</Side>
                <Superior>00000000-0001-0001-1130-000000000000</Superior>
              </EntityDescriptor>
              <CurrentState>
                <PhysicalState>
                  <EntityHealthStatus>
                    <OperationalStatus>
                      <OperationalStatusCode>FullyOperational</OperationalStatusCode>
                    </OperationalStatus>
                  </EntityHealthStatus>
                  <Location>
                    <GeodeticCoordinate>
                      <Latitude>58.582053</Latitude>
                      <Longitude>16.249418</Longitude>
                    </GeodeticCoordinate>
                  </Location>
                </PhysicalState>
              </CurrentState>
              <EntityType>
                <APP6-SIDC>
                  <SIDCString>SFGPUCI----DUS-</SIDCString>
                </APP6-SIDC>
              </EntityType>
              <EntityType>
                <DISEntityType>
                  <DISCategory>3</DISCategory>
                  <DISCountry>225</DISCountry>
                  <DISDomain>1</DISDomain>
                  <DISExtra>0</DISExtra>
                  <DISKind>0</DISKind>
                  <DISSpecific>0</DISSpecific>
                  <DISSubCategory>2</DISSubCategory>
                </DISEntityType>
              </EntityType>
              <Name>1BnCp2</Name>
              <UUID>00000000-0001-0001-1132-000000000000</UUID>
              <EchelonCode>PLT</EchelonCode>
            </Unit></MilitaryOrganization>
          </CollectiveEntity>
        </ActorEntity>
      </Entity>
      
      <!--Row25 1 Bn C Coy 3rd Platoon--> 
      <Entity>
        <ActorEntity>
          <CollectiveEntity>
            <MilitaryOrganization><Unit>
              <EntityDescriptor>
                <Side>00000000-0001-0000-0000-000000000000</Side>
                <Superior>00000000-0001-0001-1130-000000000000</Superior>
              </EntityDescriptor>
              <CurrentState>
                <PhysicalState>
                  <EntityHealthStatus>
                    <OperationalStatus>
                      <OperationalStatusCode>FullyOperational</OperationalStatusCode>
                    </OperationalStatus>
                  </EntityHealthStatus>
                  <Location>
                    <GeodeticCoordinate>
                      <Latitude>58.582053</Latitude>
                      <Longitude>16.249418</Longitude>
                    </GeodeticCoordinate>
                  </Location>
                </PhysicalState>
              </CurrentState>
              <EntityType>
                <APP6-SIDC>
                  <SIDCString>SFGPUCI----DFR-</SIDCString>
                </APP6-SIDC>
              </EntityType>
              <EntityType>
                <DISEntityType>
                  <DISCategory>3</DISCategory>
                  <DISCountry>71</DISCountry>
                  <DISDomain>1</DISDomain>
                  <DISExtra>0</DISExtra>
                  <DISKind>0</DISKind>
                  <DISSpecific>0</DISSpecific>
                  <DISSubCategory>2</DISSubCategory>
                </DISEntityType>
              </EntityType>
              <Name>1BnCp3</Name>
              <UUID>00000000-0001-0001-1133-000000000000</UUID>
              <EchelonCode>PLT</EchelonCode>
            </Unit></MilitaryOrganization>
          </CollectiveEntity>
        </ActorEntity>
      </Entity>
      
      <!--Row26 AH-6a Little Bird-->
      <Entity> 
        <ActorEntity>
          <CollectiveEntity>
            <MilitaryOrganization><Unit>
              <EntityDescriptor>
                <Side>00000000-0001-0000-0000-000000000000</Side>
                <Superior>00000000-0001-0001-1400-000000000000</Superior>
              </EntityDescriptor>
              <CurrentState>
                <PhysicalState>
                  <EntityHealthStatus>
                    <OperationalStatus>
                      <OperationalStatusCode>FullyOperational</OperationalStatusCode>
                    </OperationalStatus>
                  </EntityHealthStatus>
                  <Location>
                    <GeodeticCoordinate>
                      <Latitude>58.586727</Latitude>
                      <Longitude>16.249418</Longitude>
                    </GeodeticCoordinate>
                  </Location>
                </PhysicalState>
              </CurrentState>
              <EntityType>
                <APP6-SIDC>
                  <SIDCString>SFGPUCVRA---US-</SIDCString>
                </APP6-SIDC>
              </EntityType>
              <EntityType>
                <DISEntityType>
                  <DISCategory>25</DISCategory>
                  <DISCountry>225</DISCountry>
                  <DISDomain>2</DISDomain>
                  <DISExtra>0</DISExtra>
                  <DISKind>1</DISKind>
                  <DISSpecific>2</DISSpecific>
                  <DISSubCategory>4</DISSubCategory>
                </DISEntityType>
              </EntityType>
              <Name>AH6a</Name>
              <UUID>00000000-0001-0001-1421-000000000000</UUID>
              <EchelonCode>NOS</EchelonCode>
            </Unit></MilitaryOrganization>
          </CollectiveEntity>
        </ActorEntity>
      </Entity>
      
      <!--Row26 AH-6abLittle Bird-->
      <Entity> 
        <ActorEntity>
          <CollectiveEntity>
            <MilitaryOrganization><Unit>
              <EntityDescriptor>
                <Side>00000000-0001-0000-0000-000000000000</Side>
                <Superior>00000000-0001-0001-1400-000000000000</Superior>
              </EntityDescriptor>
              <CurrentState>
                <PhysicalState>
                  <EntityHealthStatus>
                    <OperationalStatus>
                      <OperationalStatusCode>FullyOperational</OperationalStatusCode>
                    </OperationalStatus>
                  </EntityHealthStatus>
                  <Location>
                    <GeodeticCoordinate>
                      <Latitude>58.586730</Latitude>
                      <Longitude>16.2495</Longitude>
                    </GeodeticCoordinate>
                  </Location>
                </PhysicalState>
              </CurrentState>
              <EntityType>
                <APP6-SIDC>
                  <SIDCString>SFAPMFQ-----US-</SIDCString>
                </APP6-SIDC>
              </EntityType>
              <EntityType>
                <DISEntityType>
                  <DISCategory>25</DISCategory>
                  <DISCountry>225</DISCountry>
                  <DISDomain>2</DISDomain>
                  <DISExtra>0</DISExtra>
                  <DISKind>1</DISKind>
                  <DISSpecific>2</DISSpecific>
                  <DISSubCategory>4</DISSubCategory>
                </DISEntityType>
              </EntityType>
              <Name>AH6b</Name>
              <UUID>00000000-0001-0001-1422-000000000000</UUID>
              <EchelonCode>NOS</EchelonCode>
            </Unit></MilitaryOrganization>
          </CollectiveEntity>
        </ActorEntity>
      </Entity>
      
      <!--Row 27 Unmanned Aerial System 1-->
      <Entity>
        <ActorEntity>
          <CollectiveEntity>
            <MilitaryOrganization><Unit>
              <EntityDescriptor>
                <Side>00000000-0001-0000-0000-000000000000</Side>
                <Superior>00000000-0001-0001-1400-000000000000</Superior>
              </EntityDescriptor>
              <CurrentState>
                <PhysicalState>
                  <EntityHealthStatus>
                    <OperationalStatus>
                      <OperationalStatusCode>FullyOperational</OperationalStatusCode>
                    </OperationalStatus>
                  </EntityHealthStatus>
                  <Location>
                    <GeodeticCoordinate>
                      <Latitude>58.586727</Latitude>
                      <Longitude>16.249418</Longitude>
                    </GeodeticCoordinate>
                  </Location>
                </PhysicalState>
              </CurrentState>
              <EntityType>
                <APP6-SIDC>
                  <SIDCString>SFAPMFQ---**FR*</SIDCString>
                </APP6-SIDC>
              </EntityType>
              <EntityType>
                <DISEntityType>
                  <DISCategory>50</DISCategory>
                  <DISCountry>71</DISCountry>
                  <DISDomain>2</DISDomain>
                  <DISExtra>0</DISExtra>
                  <DISKind>1</DISKind>
                  <DISSpecific>1</DISSpecific>
                  <DISSubCategory>6</DISSubCategory>
                </DISEntityType>
              </EntityType>
              <Name>UAS1</Name>
              <UUID>00000000-0001-0001-1431-000000000000</UUID>
              <EchelonCode>NOS</EchelonCode>
            </Unit></MilitaryOrganization>
          </CollectiveEntity>
        </ActorEntity>
      </Entity>
      
      
      <!--Row 28 Unmanned Aerial System 2-->
      <Entity>
        <ActorEntity>
          <CollectiveEntity>
            <MilitaryOrganization><Unit>
              <EntityDescriptor>
                <Side>00000000-0001-0000-0000-000000000000</Side>
                <Superior>00000000-0001-0001-1400-000000000000</Superior>
              </EntityDescriptor>
              <CurrentState>
                <PhysicalState>
                  <EntityHealthStatus>
                    <OperationalStatus>
                      <OperationalStatusCode>FullyOperational</OperationalStatusCode>
                    </OperationalStatus>
                  </EntityHealthStatus>
                  <Location>
                    <GeodeticCoordinate>
                      <Latitude>58.586727</Latitude>
                      <Longitude>16.249418</Longitude>
                    </GeodeticCoordinate>
                  </Location>
                </PhysicalState>
              </CurrentState>
              <EntityType>
                <APP6-SIDC>
                  <SIDCString>SFAPMFQ---**FR*</SIDCString>
                </APP6-SIDC>
              </EntityType>
              <EntityType>
                <DISEntityType>
                  <DISCategory>50</DISCategory>
                  <DISCountry>71</DISCountry>
                  <DISDomain>2</DISDomain>
                  <DISExtra>0</DISExtra>
                  <DISKind>1</DISKind>
                  <DISSpecific>1</DISSpecific>
                  <DISSubCategory>6</DISSubCategory>
                </DISEntityType>
              </EntityType>
              <Name>UAS2</Name>
              <UUID>00000000-0001-0001-1432-000000000000</UUID>
              <EchelonCode>NOS</EchelonCode>
            </Unit></MilitaryOrganization>
          </CollectiveEntity>
        </ActorEntity>
      </Entity>
      
      <!--Unmanned Aerial System 3-->
      <Entity>
        <ActorEntity>
          <CollectiveEntity>
            <MilitaryOrganization><Unit>
              <EntityDescriptor>
                <Side>00000000-0001-0000-0000-000000000000</Side>
                <Superior>00000000-0001-0001-1400-000000000000</Superior>
              </EntityDescriptor>
              <CurrentState>
                <PhysicalState>
                  <EntityHealthStatus>
                    <OperationalStatus>
                      <OperationalStatusCode>FullyOperational</OperationalStatusCode>
                    </OperationalStatus>
                  </EntityHealthStatus>
                  <Location>
                    <GeodeticCoordinate>
                      <Latitude>58.586727</Latitude>
                      <Longitude>16.249418</Longitude>
                    </GeodeticCoordinate>
                  </Location>
                </PhysicalState>
              </CurrentState>
              <EntityType>
                <APP6-SIDC>
                  <SIDCString>SFAPMFQ---**FR*</SIDCString>
                </APP6-SIDC>
              </EntityType>
              <EntityType>
                <DISEntityType>
                  <DISCategory>50</DISCategory>
                  <DISCountry>71</DISCountry>
                  <DISDomain>2</DISDomain>
                  <DISExtra>0</DISExtra>
                  <DISKind>1</DISKind>
                  <DISSpecific>1</DISSpecific>
                  <DISSubCategory>6</DISSubCategory>
                </DISEntityType>
              </EntityType>
              <Name>UAS3</Name>
              <UUID>00000000-0001-0001-1433-000000000000</UUID>
              <EchelonCode>NOS</EchelonCode>
            </Unit></MilitaryOrganization>
          </CollectiveEntity>
        </ActorEntity>
      </Entity>
      
      <!--Unmanned Aerial System 4-->
      <Entity>
        <ActorEntity>
          <CollectiveEntity>
            <MilitaryOrganization><Unit>
              <EntityDescriptor>
                <Side>00000000-0001-0000-0000-000000000000</Side>
                <Superior>00000000-0001-0001-1400-000000000000</Superior>
              </EntityDescriptor>
              <CurrentState>
                <PhysicalState>
                  <EntityHealthStatus>
                    <OperationalStatus>
                      <OperationalStatusCode>FullyOperational</OperationalStatusCode>
                    </OperationalStatus>
                  </EntityHealthStatus>
                  <Location>
                    <GeodeticCoordinate>
                      <Latitude>58.586727</Latitude>
                      <Longitude>16.249418</Longitude>
                    </GeodeticCoordinate>
                  </Location>
                </PhysicalState>
              </CurrentState>
              <EntityType>
                <APP6-SIDC>
                  <SIDCString>SFAPMFQ---**US*</SIDCString>
                </APP6-SIDC>
              </EntityType>
              <EntityType>
                <DISEntityType>
                  <DISCategory>50</DISCategory>
                  <DISCountry>225</DISCountry>
                  <DISDomain>2</DISDomain>
                  <DISExtra>0</DISExtra>
                  <DISKind>1</DISKind>
                  <DISSpecific>1</DISSpecific>
                  <DISSubCategory>6</DISSubCategory>
                </DISEntityType>
              </EntityType>
              <Name>UAS4</Name>
              <UUID>00000000-0001-0001-1434-000000000000</UUID>
              <EchelonCode>NOS</EchelonCode>
            </Unit></MilitaryOrganization>
          </CollectiveEntity>
        </ActorEntity>
      </Entity>
      
      <!--Unmanned Aerial System 5-->
      <Entity>
        <ActorEntity>
          <CollectiveEntity>
            <MilitaryOrganization><Unit>
              <EntityDescriptor>
                <Side>00000000-0001-0000-0000-000000000000</Side>
                <Superior>00000000-0001-0001-1400-000000000000</Superior>
              </EntityDescriptor>
              <CurrentState>
                <PhysicalState>
                  <EntityHealthStatus>
                    <OperationalStatus>
                      <OperationalStatusCode>FullyOperational</OperationalStatusCode>
                    </OperationalStatus>
                  </EntityHealthStatus>
                  <Location>
                    <GeodeticCoordinate>
                      <Latitude>58.586727</Latitude>
                      <Longitude>16.249418</Longitude>
                    </GeodeticCoordinate>
                  </Location>
                </PhysicalState>
              </CurrentState>
              <EntityType>
                <APP6-SIDC>
                  <SIDCString>SFAPMFQ---**US*</SIDCString>
                </APP6-SIDC>
              </EntityType>
              <EntityType>
                <DISEntityType>
                  <DISCategory>50</DISCategory>
                  <DISCountry>225</DISCountry>
                  <DISDomain>2</DISDomain>
                  <DISExtra>0</DISExtra>
                  <DISKind>1</DISKind>
                  <DISSpecific>1</DISSpecific>
                  <DISSubCategory>4</DISSubCategory>
                </DISEntityType>
              </EntityType>
              <Name>UAS5</Name>
              <UUID>00000000-0001-0001-1435-000000000000</UUID>
              <EchelonCode>NOS</EchelonCode>
            </Unit></MilitaryOrganization>
          </CollectiveEntity>
        </ActorEntity>
      </Entity>
      
      <!--Unmanned Aerial System 6-->
      <Entity>
        <ActorEntity>
          <CollectiveEntity>
            <MilitaryOrganization><Unit>
              <EntityDescriptor>
                <Side>00000000-0001-0000-0000-000000000000</Side>
                <Superior>00000000-0001-0001-1400-000000000000</Superior>
              </EntityDescriptor>
              <CurrentState>
                <PhysicalState>
                  <EntityHealthStatus>
                    <OperationalStatus>
                      <OperationalStatusCode>FullyOperational</OperationalStatusCode>
                    </OperationalStatus>
                  </EntityHealthStatus>
                  <Location>
                    <GeodeticCoordinate>
                      <Latitude>58.586727</Latitude>
                      <Longitude>16.249418</Longitude>
                    </GeodeticCoordinate>
                  </Location>
                </PhysicalState>
              </CurrentState>
              <EntityType>
                <APP6-SIDC>
                  <SIDCString>SFAPMFQ---**US*</SIDCString>
                </APP6-SIDC>
              </EntityType>
              <EntityType>
                <DISEntityType>
                  <DISCategory>50</DISCategory>
                  <DISCountry>225</DISCountry>
                  <DISDomain>2</DISDomain>
                  <DISExtra>0</DISExtra>
                  <DISKind>1</DISKind>
                  <DISSpecific>1</DISSpecific>
                  <DISSubCategory>4</DISSubCategory>
                </DISEntityType>
              </EntityType>
              <Name>UAS6</Name>
              <UUID>00000000-0001-0001-1436-000000000000</UUID>
              <EchelonCode>NOS</EchelonCode>
            </Unit></MilitaryOrganization>
          </CollectiveEntity>
        </ActorEntity>
      </Entity>
      
      <!--Maritime Patrol-->
      <Entity> 
        <ActorEntity>
          <CollectiveEntity>
            <MilitaryOrganization><Unit>
              <EntityDescriptor>
                <Side>00000000-0001-0000-0000-000000000000</Side>
                <Superior>00000000-0001-0001-1011-000000000000</Superior>
              </EntityDescriptor>
              <CurrentState>
                <PhysicalState>
                  <EntityHealthStatus>
                    <OperationalStatus>
                      <OperationalStatusCode>FullyOperational</OperationalStatusCode>
                    </OperationalStatus>
                  </EntityHealthStatus>
                  <Location>
                    <GeodeticCoordinate>
                      <Latitude>58.645</Latitude>
                      <Longitude>16.332</Longitude>
                    </GeodeticCoordinate>
                  </Location>
                </PhysicalState>
              </CurrentState>
              <EntityType>
                <APP6-SIDC>
                  <SIDCString>SFSPCP------US-</SIDCString>
                </APP6-SIDC>
              </EntityType>
              <EntityType>
                <DISEntityType>
                  <DISCategory>62</DISCategory>
                  <DISCountry>225</DISCountry>
                  <DISDomain>3</DISDomain>
                  <DISExtra>0</DISExtra>
                  <DISKind>1</DISKind>
                  <DISSpecific>13</DISSpecific>
                  <DISSubCategory>6</DISSubCategory>
                </DISEntityType>
              </EntityType>
              <Name>USABoat4</Name>
              <UUID>00000000-0007-0001-0030-000000000000</UUID>
              <EchelonCode>NOS</EchelonCode>
            </Unit></MilitaryOrganization>
          </CollectiveEntity>
        </ActorEntity>
      </Entity>
      
      <!-- Tactical graphics including Routes -->
      
      <!-- Row34 SP ORANGE-->
      <Entity> 
        <PhysicalEntity>
          <MapGraphic>
            <TacticalGraphic>
              <Point>
                <EntityType>
                  <NamedEntityType>
                    <EntityTypeString>POINT</EntityTypeString>
                  </NamedEntityType>
                </EntityType>
                <Name>SP-ORANGE</Name>
                <UUID>00000000-0001-0001-1000-000000000001</UUID>
                <CurrentState>
                  <PhysicalState>
                    <Location><GeodeticCoordinate>
                      <Latitude>58.637863</Latitude>
                      <Longitude>16.162447</Longitude>
                    </GeodeticCoordinate></Location>
                  </PhysicalState>
                </CurrentState>           
              </Point>
            </TacticalGraphic>
          </MapGraphic>
        </PhysicalEntity>
      </Entity>
      
      <!-- Row 32-39 Route Orange Along Highway E4 North and East (Distance 62.4 KM)-->
      <Entity>
        <PhysicalEntity>
          <MapGraphic>
            <TacticalGraphic>
              <Line>
                <Route>
                  <EntityType>
                    <NamedEntityType>
                      <EntityTypeString>ROUTE</EntityTypeString>
                    </NamedEntityType>
                  </EntityType>
                  <Name>ROUTE-ORANGE</Name>
                  <UUID>00000000-0001-0001-1000-000000000002</UUID>
                  <CurrentState>
                    <PhysicalState>
                      <Location><GeodeticCoordinate>
                        <Latitude>58.637863</Latitude>
                        <Longitude>16.162447</Longitude>
                      </GeodeticCoordinate></Location>
                      <Location><GeodeticCoordinate>
                        <Latitude>58.689722</Latitude>
                        <Longitude>16.334464</Longitude>
                      </GeodeticCoordinate></Location>
                      <Location><GeodeticCoordinate>
                        <Latitude>58.742441</Latitude>
                        <Longitude>16.467883</Longitude>
                      </GeodeticCoordinate></Location>
                      <Location><GeodeticCoordinate>
                        <Latitude>58.75421</Latitude>
                        <Longitude>16.736337</Longitude>
                      </GeodeticCoordinate></Location>
                      <Location><GeodeticCoordinate>
                        <Latitude>58.745235</Latitude>
                        <Longitude>16.939855</Longitude>
                      </GeodeticCoordinate></Location>
                    </PhysicalState>
                  </CurrentState>
                </Route>
              </Line>
            </TacticalGraphic>
          </MapGraphic>
        </PhysicalEntity>
      </Entity>
      
      <!-- Row38 RP ORANGE-->
      <Entity>
        <PhysicalEntity>
          <MapGraphic>
            <TacticalGraphic>
              <Point>
                <EntityType>
                  <NamedEntityType>
                    <EntityTypeString>POINT</EntityTypeString>
                  </NamedEntityType>
                </EntityType>
                <Name>RP-ORANGE</Name>
                <UUID>00000000-0001-0001-1000-000000000003</UUID>
                <CurrentState>
                  <PhysicalState>
                    <Location><GeodeticCoordinate>
                      <Latitude>58.745235</Latitude>
                      <Longitude>16.939855</Longitude>
                    </GeodeticCoordinate></Location>
                  </PhysicalState>
                </CurrentState>           
              </Point>
            </TacticalGraphic>
          </MapGraphic>
        </PhysicalEntity>
      </Entity>
      
      <!-- Row40 SP PEACH-->
      <Entity>
        <PhysicalEntity>
          <MapGraphic>
            <TacticalGraphic>
              <Point>
                <EntityType>
                  <NamedEntityType>
                    <EntityTypeString>POINT</EntityTypeString>
                  </NamedEntityType>
                </EntityType>
                <Name>SP-PEACH</Name>
                <UUID>00000000-0001-0001-1000-000000000004</UUID>
                <CurrentState>
                  <PhysicalState>
                    <Location><GeodeticCoordinate>
                      <Latitude>58.582991</Latitude>
                      <Longitude>16.142852</Longitude>
                    </GeodeticCoordinate></Location>
                  </PhysicalState>
                </CurrentState>           
              </Point>
            </TacticalGraphic>
          </MapGraphic>
        </PhysicalEntity>
      </Entity>
      
      <!-- Row 40-46 Route Peach Along Highway E22 then E4 to the  South and West (Distance 38 KM)-->
      <Entity>
        <PhysicalEntity>
          <MapGraphic>
            <TacticalGraphic>
              <Line>
                <Route>
                  <EntityType>
                    <NamedEntityType>
                      <EntityTypeString>ROUTE</EntityTypeString>
                    </NamedEntityType>
                  </EntityType>
                  <Name>ROUTE-PEACH</Name>
                  <UUID>00000000-0001-0001-1000-000000000005</UUID>
                  <CurrentState>
                    <PhysicalState>
                      <Location><GeodeticCoordinate>
                        <Latitude>58.582991</Latitude>
                        <Longitude>16.142852</Longitude>
                      </GeodeticCoordinate></Location>
                      <Location><GeodeticCoordinate>
                        <Latitude>58.575546</Latitude>
                        <Longitude>16.097337</Longitude>
                      </GeodeticCoordinate></Location>
                      <Location><GeodeticCoordinate>
                        <Latitude>58.551243</Latitude>
                        <Longitude>16.053213</Longitude>
                      </GeodeticCoordinate></Location>
                      <Location><GeodeticCoordinate>
                        <Latitude>58.455422</Latitude>
                        <Longitude>16.775393</Longitude>
                      </GeodeticCoordinate></Location>
                      <Location><GeodeticCoordinate>
                        <Latitude>58.441699</Latitude>
                        <Longitude>16.714145</Longitude>
                      </GeodeticCoordinate></Location>
                      <Location><GeodeticCoordinate>
                        <Latitude>58.434112</Latitude>
                        <Longitude>16.682943</Longitude>
                      </GeodeticCoordinate></Location>
                    </PhysicalState>
                  </CurrentState>
                </Route>
              </Line>
            </TacticalGraphic>
          </MapGraphic>
        </PhysicalEntity>
      </Entity>
      
      <!-- Row45 RP PEACH-->
      <Entity>
        <PhysicalEntity>
          <MapGraphic>
            <TacticalGraphic>
              <Point>
                <EntityType>
                  <NamedEntityType>
                    <EntityTypeString>POINT</EntityTypeString>
                  </NamedEntityType>
                </EntityType>
                <Name>RP-PEACH</Name>
                <UUID>00000000-0001-0001-1000-000000000006</UUID>
                <CurrentState>
                  <PhysicalState>
                    <Location><GeodeticCoordinate>
                      <Latitude>58.673917</Latitude>
                      <Longitude>16.266833</Longitude>
                    </GeodeticCoordinate></Location>
                  </PhysicalState>
                </CurrentState>           
              </Point>
            </TacticalGraphic>
          </MapGraphic>
        </PhysicalEntity>
      </Entity>
      
      <!-- Battlefield Geometry -->
      
      <!-- Row47 FOB Eagle -->
      <Entity>
        <PhysicalEntity>
          <MapGraphic>
            <TacticalGraphic>
              <Point>
                <EntityType>
                  <NamedEntityType>
                    <EntityTypeString>FORWARD-OPERATING-BASE</EntityTypeString>
                  </NamedEntityType>
                </EntityType>
                <Name>FOB-EAGLE</Name>
                <UUID>00000000-0001-0001-1000-000000000007</UUID>
                <CurrentState>
                  <PhysicalState>
                    <Location><GeodeticCoordinate>
                      <Latitude>58.600734</Latitude>
                      <Longitude>16.178198</Longitude>
                    </GeodeticCoordinate></Location>
                  </PhysicalState>
                </CurrentState>       
              </Point>
            </TacticalGraphic>
          </MapGraphic>
        </PhysicalEntity>
      </Entity>
      
      <!-- Row48 FOB HAWK-->
      <Entity>
        <PhysicalEntity>
          <MapGraphic>
            <TacticalGraphic>
              <Point>
                <EntityType>
                  <NamedEntityType>
                    <EntityTypeString>FORWARD-OPERATING-BASE</EntityTypeString>
                  </NamedEntityType>
                </EntityType>
                <Name>FOB-HAWK</Name>
                <UUID>00000000-0001-0001-1000-000000000008</UUID>
                <CurrentState>
                  <PhysicalState>
                    <Location><GeodeticCoordinate>
                      <Latitude>58.43207</Latitude>
                      <Longitude>16.676511</Longitude>
                    </GeodeticCoordinate></Location>
                  </PhysicalState>
                </CurrentState>         
              </Point>
            </TacticalGraphic>
          </MapGraphic>
        </PhysicalEntity>
      </Entity>
      
      <!--!- Row49 FOB FALCON-->
      <Entity>
        <PhysicalEntity>
          <MapGraphic>
            <TacticalGraphic>
              <Point>
                <EntityType>
                  <NamedEntityType>
                    <EntityTypeString>FORWARD-OPERATING-BASE</EntityTypeString>
                  </NamedEntityType>
                </EntityType>
                <Name>FOB-FALCON</Name>
                <UUID>00000000-0001-0001-1000-000000000009</UUID>
                <CurrentState>
                  <PhysicalState>
                    <Location><GeodeticCoordinate>
                      <Latitude>58.734342</Latitude>
                      <Longitude>17.001257</Longitude>
                    </GeodeticCoordinate></Location>
                  </PhysicalState>
                </CurrentState>               
              </Point>
            </TacticalGraphic>
          </MapGraphic>
        </PhysicalEntity>
      </Entity>
      
      <!-- Row50 OP CHICK-->
      <Entity>
        <PhysicalEntity>
          <MapGraphic>
            <TacticalGraphic>
              <Point>
                <EntityType>
                  <NamedEntityType>
                    <EntityTypeString>POINT</EntityTypeString>
                  </NamedEntityType>
                </EntityType>
                <Name>OP-CHICK</Name>
                <UUID>00000000-0001-0001-1000-000000000010</UUID>
                  <CurrentState>
                    <PhysicalState>
                      <Location><GeodeticCoordinate>
                        <Latitude>58.673917</Latitude>
                        <Longitude>16.266833</Longitude>
                      </GeodeticCoordinate></Location>
                    </PhysicalState>
                  </CurrentState>           
              </Point>
            </TacticalGraphic>
          </MapGraphic>
        </PhysicalEntity>
      </Entity>
      
      <!-- Row 51 DP-1 -->
      <Entity>
        <PhysicalEntity>
          <MapGraphic>
            <TacticalGraphic>
              <Point>
                <EntityType>
                  <NamedEntityType>
                    <EntityTypeString>DECISION-POINT</EntityTypeString>
                  </NamedEntityType>
                </EntityType>
                <Name>DP-1</Name>
                <UUID>00000000-0001-0001-1000-000000000011</UUID>
                  <CurrentState>
                    <PhysicalState>
                      <Location><GeodeticCoordinate>
                        <Latitude>58.673917</Latitude>
                        <Longitude>16.266833</Longitude>
                      </GeodeticCoordinate></Location>
                    </PhysicalState>
                  </CurrentState>                
              </Point>
            </TacticalGraphic>
          </MapGraphic>
        </PhysicalEntity>
      </Entity>
      
      <!-- Row 52 NAI-301-->
      <Entity>
        <PhysicalEntity>
          <MapGraphic>
            <TacticalGraphic>
              <TacticalArea>
                  <EntityType>
                    <NamedEntityType>
                      <EntityTypeString>NAMED-AREA-OF-INTEREST</EntityTypeString>
                    </NamedEntityType>
                  </EntityType>
                <Name>AI-301</Name>
                <UUID>00000000-0001-0001-1000-000000000012</UUID>
                  <CurrentState>
                    <PhysicalState>
                      <Location><GeodeticCoordinate>
                        <Latitude>58.68936</Latitude>
                        <Longitude>16.303956</Longitude>
                      </GeodeticCoordinate></Location>
                      <Location><GeodeticCoordinate>
                        <Latitude>58.673464</Latitude>
                        <Longitude>16.309383</Longitude>
                      </GeodeticCoordinate></Location>
                    </PhysicalState>
                  </CurrentState>            
              </TacticalArea>
            </TacticalGraphic>
          </MapGraphic>
        </PhysicalEntity>
      </Entity>
      
     <!-- Scenario Details-->
      <PlanPhaseReference>00000000-0001-0001-1000-000000000013</PlanPhaseReference>
    </ObjectDefinitions>
    <ScenarioSetting>
      <DateTime>
        <IsoDateTime>0000-00-00T00:00:00Z</IsoDateTime>
      </DateTime>
      <Version>1</Version>
    </ScenarioSetting>
    <!-- Assignments of units to simulators -->
    <SystemEntityList>
      <!--iABG-KORA (3BnACoy)-->
      <ActorReference>00000000-0001-0001-1310-000000000000</ActorReference> <!-- 3BnACoy-->
      <ActorReference>00000000-0002-0007-1001-000000000000</ActorReference> <!-- OPFOR NorC1 Platform -->
      <SystemName>DEU</SystemName>
    </SystemEntityList>
    <SystemEntityList>
      <!--FRA-SWORD (4BnBdeQRF)-->
      <ActorReference>00000000-0001-0001-1411-000000000000</ActorReference> <!-- 4BnBdeQRF -->
      <ActorReference>00000000-0002-0007-1014-000000000000</ActorReference> <!-- OPFOR Krok platform -->
      <SystemName>FRA</SystemName>
    </SystemEntityList>
    <SystemEntityList>
      <!--NOR-SWAP (3BnCCoy; 3BNHQ)-->
      <ActorReference>00000000-0001-0001-1330-000000000000</ActorReference> <!-- 3BnCCoy -->
      <ActorReference>00000000-0001-0001-1300-000000000000</ActorReference> <!-- 3BNHQ -->
      <ActorReference>00000000-0002-0007-1015-000000000000</ActorReference> <!-- OPFOR Link platform -->
      <SystemName>FRA</SystemName>
    </SystemEntityList>
    <SystemEntityList>
      <!--SWE-ACTORS (3BnCCoy; 3BNHQ)-->
      <ActorReference>00000000-0001-0001-1300-000000000000</ActorReference> <!-- 3BNHQ -->
      <ActorReference>00000000-0002-0007-1013-000000000000</ActorReference> <!-- OPFOR OxeC3 platform -->
      <SystemName>NOR</SystemName>
    </SystemEntityList>
    <SystemEntityList>
      <!--Netherlands MOD VRForces (3BnBCoy)-->
      <ActorReference>00000000-0001-0001-1320-000000000000</ActorReference> <!--3BnBCoy-->
      <ActorReference>00000000-0001-0001-1000-000000000000</ActorReference> <!-- BdeHQ -->
      <ActorReference>00000000-0002-0007-1002-000000000000</ActorReference> <!-- OPFOR NykC2 -->
      <ActorReference>00000000-0002-0007-1012-000000000000</ActorReference> <!-- OPFOR NykC2 platform -->
      <SystemName>NLD</SystemName>
    </SystemEntityList>
    <SystemEntityList>
       <ActorReference>00000000-0002-0007-1016-000000000000</ActorReference> <!-- OPFOR SBC8 platform (boat)-->
       <ActorReference>00000000-0001-0001-1110-000000000000</ActorReference> <!-- 1BnACoy-->
       <ActorReference>00000000-0001-0001-1431-000000000000</ActorReference> <!-- UAS1 -->
       <ActorReference>00000000-0007-0001-0030-000000000000</ActorReference> <!-- USABoat4 -->
       <SystemName>NPS</SystemName>
    </SystemEntityList>
    <SystemEntityList>
      <!-- forces not used in MR -->
      <!--OPFOR NorC1; NykC2; OxeC3; Krok; Link; SBC8)-->
      <ActorReference>00000000-0002-0007-1007-000000000000</ActorReference> <!-- OPFOR NorC1Soldier -->
      <ActorReference>00000000-0002-0007-1003-000000000000</ActorReference> <!-- OPFOR OxeC3 -->
      <ActorReference>00000000-0002-0007-1013-000000000000</ActorReference> <!-- OPFOR OxeC3 platform -->
      <ActorReference>00000000-0002-0007-1004-000000000000</ActorReference> <!-- OPFOR Krok -->
      <ActorReference>00000000-0002-0007-1005-000000000000</ActorReference> <!-- OPFOR Link -->
      <ActorReference>00000000-0002-0007-1006-000000000000</ActorReference> <!-- OPFOR SBC8 -->
      <ActorReference>00000000-0002-0007-2000-000000000000</ActorReference> <!-- dummy parent red -->
      <ActorReference>00000000-0002-0007-1004-000000000000</ActorReference> <!-- OPFOR Krok -->
      <!-- Friendly not used in MR -->
      <ActorReference>00000000-0001-0001-1100-000000000000</ActorReference> <!-- 1BnHQ -->
      <ActorReference>00000000-0001-0001-1120-000000000000</ActorReference> <!-- 1BnBCoy -->
      <ActorReference>00000000-0001-0001-1130-000000000000</ActorReference> <!-- 1BnCCoyHQ -->
      <ActorReference>00000000-0001-0001-1131-000000000000</ActorReference> <!-- 1BnCp1 -->
      <ActorReference>00000000-0001-0001-1132-000000000000</ActorReference> <!-- 1BnCp1 -->
      <ActorReference>00000000-0001-0001-1133-000000000000</ActorReference> <!-- 1BnCp1 -->
      <ActorReference>00000000-0001-0001-1200-000000000000</ActorReference> <!-- 2BnHQ -->
      <ActorReference>00000000-0001-0001-1210-000000000000</ActorReference> <!-- 2BnACoy -->
      <ActorReference>00000000-0001-0001-1220-000000000000</ActorReference> <!-- 2BnBCoy -->
      <ActorReference>00000000-0001-0001-1230-000000000000</ActorReference> <!-- 2BnCCoy -->
      <ActorReference>00000000-0001-0001-1400-000000000000</ActorReference> <!-- 4BnHq -->
      <ActorReference>00000000-0001-0001-1421-000000000000</ActorReference> <!-- AH6a -->
      <ActorReference>00000000-0001-0001-1422-000000000000</ActorReference> <!-- AH6b -->
      <ActorReference>00000000-0001-0001-1432-000000000000</ActorReference> <!-- UAS2 -->
      <ActorReference>00000000-0001-0001-1433-000000000000</ActorReference> <!-- UAS3 -->
      <ActorReference>00000000-0001-0001-1434-000000000000</ActorReference> <!-- UAS4 -->
      <ActorReference>00000000-0001-0001-1435-000000000000</ActorReference> <!-- UAS5 -->
      <ActorReference>00000000-0001-0001-1436-000000000000</ActorReference> <!-- UAS6 -->
      <SystemName>NOTUSED-</SystemName>
    </SystemEntityList> 
  </C2SIMInitializationBody>
</MessageBody>