<?xml version="1.0" encoding="UTF-8"?>
<MessageBody xmlns:xsi="http://www.w3.org/2001/XMLSchema-instance"
    xsi:schemaLocation="http://www.sisostds.org/schemas/C2SIM/1.1 ../Schema/C2SIM/C2SIM_SMX_LOX_CWIX2023v1.0.2.xsd"
    xmlns="http://www.sisostds.org/schemas/C2SIM/1.1"
    xmlns:c2s="http://www.sisostds.org/schemas/C2SIM/1.1">
    <DomainMessageBody>
        <!-- Operations Order Mission Rehearsal for MSG-201 CWIX 2023 -->
        <!-- start times are offset from start of exeercise -->
        <OrderBody>
            <FromSender>00000000-0000-0001-0001-000000000000</FromSender>
            <ToReceiver>00000000-0001-0001-1330-000000000000</ToReceiver>
            
            <!-- special for SWAP - the Route is found in C2SIMInitialization for other simulations -->
            <Entity>
                <PhysicalEntity>
                    <MapGraphic>
                        <TacticalGraphic>
                            <Line>
                                <Route>
                                    <EntityType>
                                        <NamedEntityType>
                                            <EntityTypeString>ROUTE</EntityTypeString>
                                        </NamedEntityType>
                                    </EntityType>
                                    <Name>RT-ORANGE</Name>
                                    <UUID>00000000-0001-0001-1000-000000000020</UUID>
                                    <CurrentState>
                                        <PhysicalState>
                                            <Location><GeodeticCoordinate>
                                                <Latitude>58.637863</Latitude>
                                                <Longitude>16.162447</Longitude>
                                            </GeodeticCoordinate></Location>
                                            <Location><GeodeticCoordinate>
                                                <Latitude>58.689722</Latitude>
                                                <Longitude>16.334464</Longitude>
                                            </GeodeticCoordinate></Location>
                                            <Location><GeodeticCoordinate>
                                                <Latitude>58.742441</Latitude>
                                                <Longitude>16.467883</Longitude>
                                            </GeodeticCoordinate></Location>
                                            <Location><GeodeticCoordinate>
                                                <Latitude>58.75421</Latitude>
                                                <Longitude>16.736337</Longitude>
                                            </GeodeticCoordinate></Location>
                                            <Location><GeodeticCoordinate>
                                                <Latitude>58.745235</Latitude>
                                                <Longitude>16.939855</Longitude>
                                            </GeodeticCoordinate></Location>
                                        </PhysicalState>
                                    </CurrentState>
                                </Route>
                            </Line>
                        </TacticalGraphic>
                    </MapGraphic>
                </PhysicalEntity>
            </Entity>

            <IssuedTime>
                <IsoDateTime>0000-00-00T00:00:00Z</IsoDateTime>
            </IssuedTime>
            <OrderID>00000000-0001-0001-1000-300000000000</OrderID>

            <Task><ManeuverWarfareTask>
                <!-- NOR-SWAP 3BnCCoy -->
                <Location><GeodeticCoordinate>
                    <Latitude>58.575894</Latitude>
                    <Longitude>16.259419</Longitude>
                </GeodeticCoordinate></Location>
                <Location><GeodeticCoordinate>
                    <Latitude>58.644</Latitude>
                    <Longitude>16.154</Longitude>
                </GeodeticCoordinate></Location>
                <Name>Move-3BnCCoy-1</Name>
                <UUID>00000000-0001-0001-1000-001300000000</UUID>
                <AffectedEntity>00000000-0001-0001-1330-000000000000</AffectedEntity>
                <DesiredEffectCode>TaskSuccess</DesiredEffectCode>
                <PerformingEntity>00000000-0001-0001-1330-000000000000</PerformingEntity>
                <StartTime>
                    <SimulationTime><DelayTimeAmount>
                        <IsoTimeDuration>P00Y00M00DT00H05M00S</IsoTimeDuration>
                    </DelayTimeAmount></SimulationTime>
                </StartTime>
                <TaskActionCode>MOVE</TaskActionCode>     
                <RuleOfEngagement><MipWeaponUseROE><WeaponROECode>
                    <WeaponRuleOfEngagementCode>ROEHold</WeaponRuleOfEngagementCode>
                </WeaponROECode></MipWeaponUseROE></RuleOfEngagement>
            </ManeuverWarfareTask></Task>
            
            <Task><ManeuverWarfareTask>
                <!-- NOR-SWAP 3BnCCoy -->
                <ActionTemporalRelationship>
                    <ActionTemporalAssociationCode>STREND</ActionTemporalAssociationCode>
                    <TemporalAssociationWithAction>00000000-0001-0001-1000-001300000000</TemporalAssociationWithAction>
                </ActionTemporalRelationship>
                <Location><GeodeticCoordinate>
                    <Latitude>58.734342</Latitude>
                    <Longitude>17.001257</Longitude>
                </GeodeticCoordinate></Location>
                <MapGraphicID>00000000-0001-0001-1000-000000000020</MapGraphicID>
                <Name>Move-3BnCCoy-3</Name>
                <UUID>00000000-0001-0001-1000-001500000000</UUID>
                <AffectedEntity>00000000-0001-0001-1330-000000000000</AffectedEntity>
                <DesiredEffectCode>TaskSuccess</DesiredEffectCode>
                <PerformingEntity>00000000-0001-0001-1330-000000000000</PerformingEntity>
                <StartTime>
                    <RelativeTime>
                        <DelayTimeAmount>
                            <IsoTimeDuration>P00Y00M00DT00H00M00S</IsoTimeDuration>
                        </DelayTimeAmount>
                        <EventReference>00000000-0001-0001-1000-001400000000</EventReference>
                        <TimeReferenceCode>IntervalStartTime</TimeReferenceCode>
                    </RelativeTime>
                </StartTime>
                <TaskActionCode>MOVE</TaskActionCode>     
                <RuleOfEngagement><MipWeaponUseROE><WeaponROECode>
                    <WeaponRuleOfEngagementCode>ROEHold</WeaponRuleOfEngagementCode>
                </WeaponROECode></MipWeaponUseROE></RuleOfEngagement>
            </ManeuverWarfareTask></Task>
 
        </OrderBody>
    </DomainMessageBody>
</MessageBody>
