<?xml version="1.0" encoding="UTF-8"?>
<MessageBody xmlns:xsi="http://www.w3.org/2001/XMLSchema-instance"
 xsi:schemaLocation="http://www.sisostds.org/schemas/C2SIM/1.1 ../Schema/C2SIM/C2SIM_SMX_LOX_CWIX2023v2.xsd"
 xmlns="http://www.sisostds.org/schemas/C2SIM/1.1"
 xmlns:c2s="http://www.sisostds.org/schemas/C2SIM/1.1">
<DomainMessageBody>
<!-- Operations Order Mission Rehearsal for MSG-201 CWIX 2023 -->
<OrderBody>
    <FromSender>00000000-0000-0001-0001-000000000000</FromSender>
    <ToReceiver>00000000-0007-0001-0000-000000000000</ToReceiver>
    <IssuedTime>
        <IsoDateTime>0000-00-00T00:00:00Z</IsoDateTime>
    </IssuedTime>
    <OrderID>00000000-0001-0001-1000-200000000000</OrderID>
    
    <Task><ManeuverWarfareTask> 
        <!-- DEU-KORA OPFOR Establish ambush site vic 58.677858,16.271561 -->
        <Location><GeodeticCoordinate>
            <Latitude>58.66513</Latitude>
            <Longitude>16.312227</Longitude>
        </GeodeticCoordinate></Location>
        <Location><GeodeticCoordinate>
            <Latitude>58.677858</Latitude>
            <Longitude>16.271561</Longitude>
        </GeodeticCoordinate></Location>
        <Name>Move-NorC2-1</Name>
        <UUID>00000000-0002-0002-1000-000200000000</UUID>
        <AffectedEntity>00000000-0002-0007-1001-000000000000</AffectedEntity>   
        <DesiredEffectCode>TaskSuccess</DesiredEffectCode>
        <PerformingEntity>00000000-0002-0007-1001-000000000000</PerformingEntity>
        <StartTime>
            <RelativeTime>
                <DelayTimeAmount>
                    <IsoTimeDuration>P00Y00M00DT00H00M00S</IsoTimeDuration>
                </DelayTimeAmount>
                <EventReference>00000000-0002-0002-1000-000100000000</EventReference>
                <TimeReferenceCode>IntervalEndTime</TimeReferenceCode>
            </RelativeTime>
        </StartTime>
        <TaskActionCode>MOVE</TaskActionCode>
        <RuleOfEngagement><MipWeaponUseROE><WeaponROECode>
            <WeaponRuleOfEngagementCode>ROEFree</WeaponRuleOfEngagementCode>
        </WeaponROECode></MipWeaponUseROE></RuleOfEngagement>
    </ManeuverWarfareTask></Task>
    
    <Task><ManeuverWarfareTask> 
        <!-- FRA-SWORD QRF patrol NAI 301 -->
        <Location><GeodeticCoordinate>
            <Latitude>58.586727</Latitude>
            <Longitude>16.249418</Longitude>
        </GeodeticCoordinate></Location>
        <Location><GeodeticCoordinate>
            <Latitude>58.677858</Latitude>
            <Longitude>16.271561</Longitude>
        </GeodeticCoordinate></Location>
        <Name>Move-BdeQRF-1</Name>
        <UUID>00000000-0001-0001-1000-000200000000</UUID>
        <AffectedEntity>00000000-0001-0001-1411-000000000000</AffectedEntity>   
        <DesiredEffectCode>TaskSuccess</DesiredEffectCode>
        <PerformingEntity>00000000-0001-0001-1411-000000000000</PerformingEntity>
        <StartTime>
            <SimulationTime><DelayTimeAmount>
                <IsoTimeDuration>P00Y00M00DT00H00M00S</IsoTimeDuration>
            </DelayTimeAmount></SimulationTime>
        </StartTime>
        <TaskActionCode>TRANS</TaskActionCode>
        <RuleOfEngagement><MipWeaponUseROE><WeaponROECode>
            <WeaponRuleOfEngagementCode>ROEHold</WeaponRuleOfEngagementCode>
        </WeaponROECode></MipWeaponUseROE></RuleOfEngagement>
    </ManeuverWarfareTask></Task>
    
    <Task><ManeuverWarfareTask>
        <!-- FRA-SWORD QRF Return from NAI 301 to base -->
        <ActionTemporalRelationship>
            <ActionTemporalAssociationCode>STREND</ActionTemporalAssociationCode>
            <TemporalAssociationWithAction>00000000-0001-0001-1000-000200000000</TemporalAssociationWithAction>
        </ActionTemporalRelationship>
        <Location><GeodeticCoordinate>
            <Latitude>58.677858</Latitude>
            <Longitude>16.271561</Longitude>
        </GeodeticCoordinate></Location>
        <Location><GeodeticCoordinate>
            <Latitude>58.586727</Latitude>
            <Longitude>16.249418</Longitude>
        </GeodeticCoordinate></Location>
        <Name>Move-BdeQRF-2</Name>
        <UUID>00000000-0001-0001-1000-000300000000</UUID>
        <AffectedEntity>00000000-0001-0001-1411-000000000000</AffectedEntity>
        <DesiredEffectCode>IDNT</DesiredEffectCode>
        <PerformingEntity>00000000-0001-0001-1411-000000000000</PerformingEntity>
        <StartTime>
            <RelativeTime>
                <DelayTimeAmount>
                    <IsoTimeDuration>P00Y00M00DT00H00M60S</IsoTimeDuration>
                </DelayTimeAmount>
                <EventReference>00000000-0001-0001-1000-000200000000</EventReference>
                <TimeReferenceCode>IntervalEndTime</TimeReferenceCode>
            </RelativeTime>
        </StartTime>
        <TaskActionCode>MOVE</TaskActionCode>     
        <RuleOfEngagement><MipWeaponUseROE><WeaponROECode>
            <WeaponRuleOfEngagementCode>ROEHold</WeaponRuleOfEngagementCode>
        </WeaponROECode></MipWeaponUseROE></RuleOfEngagement>
    </ManeuverWarfareTask></Task>
        
    <Task><ManeuverWarfareTask> 
        <!-- DEU-KORA 3BnACoy -->
        <Location><GeodeticCoordinate>
            <Latitude>58.614</Latitude>
            <Longitude>16.153</Longitude>
        </GeodeticCoordinate></Location>
        <Name>Move-3BnACoy-1</Name>
        <UUID>00000000-0001-0001-1000-000800000000</UUID>
        <AffectedEntity>00000000-0001-0001-1310-000000000000</AffectedEntity>   
        <DesiredEffectCode>TaskSuccess</DesiredEffectCode>
        <PerformingEntity>00000000-0001-0001-1310-000000000000</PerformingEntity>
        <StartTime>
            <SimulationTime><DelayTimeAmount>
                <IsoTimeDuration>P00Y00M00DT00H03M00S</IsoTimeDuration>
            </DelayTimeAmount></SimulationTime>
        </StartTime>
        <TaskActionCode>MOVE</TaskActionCode>
        <RuleOfEngagement><MipWeaponUseROE><WeaponROECode>
            <WeaponRuleOfEngagementCode>ROEHold</WeaponRuleOfEngagementCode>
        </WeaponROECode></MipWeaponUseROE></RuleOfEngagement>
    </ManeuverWarfareTask></Task>
    
    <Task><ManeuverWarfareTask>
        <!-- DEU-KORA 3BnACoy -->
        <ActionTemporalRelationship>
            <ActionTemporalAssociationCode>STREND</ActionTemporalAssociationCode>
            <TemporalAssociationWithAction>00000000-0001-0001-1000-000800000000</TemporalAssociationWithAction>
        </ActionTemporalRelationship>
        <Location><GeodeticCoordinate>
            <Latitude>58.734342</Latitude>
            <Longitude>17.001257</Longitude>
        </GeodeticCoordinate></Location>
        <MapGraphicID>00000000-0001-0001-1000-000000000002</MapGraphicID>
        <Name>3BnBCoy-2</Name>
        <UUID>00000000-0001-0001-1000-001200000000</UUID>
        <AffectedEntity>00000000-0001-0001-1320-000000000000</AffectedEntity>
        <DesiredEffectCode>TaskSuccess</DesiredEffectCode>
        <PerformingEntity>00000000-0001-0001-1320-000000000000</PerformingEntity>
        <StartTime>
            <RelativeTime>
                <DelayTimeAmount>
                    <IsoTimeDuration>P00Y00M00DT00H00M00S</IsoTimeDuration>
                </DelayTimeAmount>
                <EventReference>00000000-0001-0001-1000-002000000000</EventReference>
                <TimeReferenceCode>IntervalEndTime</TimeReferenceCode>
            </RelativeTime>
        </StartTime>
        <TaskActionCode>DEFEND</TaskActionCode>     
        <RuleOfEngagement><MipWeaponUseROE><WeaponROECode>
            <WeaponRuleOfEngagementCode>ROEHold</WeaponRuleOfEngagementCode>
        </WeaponROECode></MipWeaponUseROE></RuleOfEngagement>
    </ManeuverWarfareTask></Task>
    
    <Task><ManeuverWarfareTask> 
        <!-- NLD-VRFORCES 3BnBCoy -->
        <Location><GeodeticCoordinate>
            <Latitude>58.624</Latitude>
            <Longitude>16.163</Longitude>
        </GeodeticCoordinate></Location>
        <Name>Move-3BnBCoy-1</Name>
        <UUID>00000000-0001-0001-1000-000900000000</UUID>
        <AffectedEntity>00000000-0001-0001-1320-000000000000</AffectedEntity>   
        <DesiredEffectCode>TaskSuccess</DesiredEffectCode>
        <PerformingEntity>00000000-0001-0001-1320-000000000000</PerformingEntity>
        <StartTime>
            <SimulationTime><DelayTimeAmount>
                <IsoTimeDuration>P00Y00M00DT00H03M00S</IsoTimeDuration>
            </DelayTimeAmount></SimulationTime>
        </StartTime>
        <TaskActionCode>MOVE</TaskActionCode>
        <RuleOfEngagement><MipWeaponUseROE><WeaponROECode>
            <WeaponRuleOfEngagementCode>ROEHold</WeaponRuleOfEngagementCode>
        </WeaponROECode></MipWeaponUseROE></RuleOfEngagement>
    </ManeuverWarfareTask></Task>
       
    <Task><ManeuverWarfareTask>
        <!-- NLD-VRFORCES 3BnBCoy -->
        <ActionTemporalRelationship>
            <ActionTemporalAssociationCode>STREND</ActionTemporalAssociationCode>
            <TemporalAssociationWithAction>00000000-0001-0001-1000-000900000000</TemporalAssociationWithAction>
        </ActionTemporalRelationship>
        <Location><GeodeticCoordinate>
            <Latitude>58.734342</Latitude>
            <Longitude>17.001257</Longitude>
        </GeodeticCoordinate></Location>
        <MapGraphicID>00000000-0001-0001-1000-000000000002</MapGraphicID>
        <Name>Defend-3BnBCoy-1</Name>
        <UUID>00000000-0001-0001-1000-001000000000</UUID>
        <AffectedEntity>00000000-0001-0001-1320-000000000000</AffectedEntity>
        <DesiredEffectCode>TaskSuccess</DesiredEffectCode>
        <PerformingEntity>00000000-0001-0001-1320-000000000000</PerformingEntity>
        <StartTime>
            <RelativeTime>
                <DelayTimeAmount>
                    <IsoTimeDuration>P00Y00M00DT00H00M00S</IsoTimeDuration>
                </DelayTimeAmount>
                <EventReference>00000000-0001-0001-1000-001100000000</EventReference>
                <TimeReferenceCode>IntervalEndTime</TimeReferenceCode>
            </RelativeTime>
        </StartTime>
        <TaskActionCode>MOVE</TaskActionCode>     
        <RuleOfEngagement><MipWeaponUseROE><WeaponROECode>
            <WeaponRuleOfEngagementCode>ROEHold</WeaponRuleOfEngagementCode>
        </WeaponROECode></MipWeaponUseROE></RuleOfEngagement>
    </ManeuverWarfareTask></Task>
    
    <Task><ManeuverWarfareTask>
        <!-- NOR-SWAP 3BnCCoy -->
        <Location><GeodeticCoordinate>
            <Latitude>58.575894</Latitude>
            <Longitude>16.259419</Longitude>
        </GeodeticCoordinate></Location>
        <Location><GeodeticCoordinate>
            <Latitude>58.644</Latitude>
            <Longitude>16.154</Longitude>
        </GeodeticCoordinate></Location>
        <Name>Move-3BnCCoy-1</Name>
        <UUID>00000000-0001-0001-1000-001300000000</UUID>
        <AffectedEntity>00000000-0001-0001-1330-000000000000</AffectedEntity>
        <DesiredEffectCode>TaskSuccess</DesiredEffectCode>
        <PerformingEntity>00000000-0001-0001-1330-000000000000</PerformingEntity>
        <StartTime>
            <SimulationTime><DelayTimeAmount>
                <IsoTimeDuration>P00Y00M00DT00H05M00S</IsoTimeDuration>
            </DelayTimeAmount></SimulationTime>
        </StartTime>
        <TaskActionCode>MOVE</TaskActionCode>     
        <RuleOfEngagement><MipWeaponUseROE><WeaponROECode>
            <WeaponRuleOfEngagementCode>ROEHold</WeaponRuleOfEngagementCode>
        </WeaponROECode></MipWeaponUseROE></RuleOfEngagement>
    </ManeuverWarfareTask></Task>
    
    <Task><ManeuverWarfareTask>
        <!-- NOR-SWAP 3BnCCoy -->
        <ActionTemporalRelationship>
            <ActionTemporalAssociationCode>STREND</ActionTemporalAssociationCode>
            <TemporalAssociationWithAction>00000000-0001-0001-1000-001300000000</TemporalAssociationWithAction>
        </ActionTemporalRelationship>
        <Location><GeodeticCoordinate>
            <Latitude>58.734342</Latitude>
            <Longitude>17.001257</Longitude>
        </GeodeticCoordinate></Location>
        <MapGraphicID>00000000-0001-0001-1000-000000000002</MapGraphicID>
        <Name>Move-3BnCCoy-3</Name>
        <UUID>00000000-0001-0001-1000-001500000000</UUID>
        <AffectedEntity>00000000-0001-0001-1330-000000000000</AffectedEntity>
        <DesiredEffectCode>TaskSuccess</DesiredEffectCode>
        <PerformingEntity>00000000-0001-0001-1330-000000000000</PerformingEntity>
        <StartTime>
            <RelativeTime>
                <DelayTimeAmount>
                    <IsoTimeDuration>P00Y00M00DT00H00M00S</IsoTimeDuration>
                </DelayTimeAmount>
                <EventReference>00000000-0001-0001-1000-001400000000</EventReference>
                <TimeReferenceCode>IntervalStartTime</TimeReferenceCode>
            </RelativeTime>
        </StartTime>
        <TaskActionCode>MOVE</TaskActionCode>     
        <RuleOfEngagement><MipWeaponUseROE><WeaponROECode>
            <WeaponRuleOfEngagementCode>ROEHold</WeaponRuleOfEngagementCode>
        </WeaponROECode></MipWeaponUseROE></RuleOfEngagement>
    </ManeuverWarfareTask></Task>
    
    <Task><ManeuverWarfareTask>
        <!-- SWE-ACTORS 3BnHQ -->
        <Location><GeodeticCoordinate>
            <Latitude>58.575894</Latitude>
            <Longitude>16.259419</Longitude>
        </GeodeticCoordinate></Location>
        <Location><GeodeticCoordinate>
            <Latitude>58.634</Latitude>
            <Longitude>16.124</Longitude>
        </GeodeticCoordinate></Location>
        <Name>Move-3Bn-1</Name>
        <UUID>00000000-0001-0001-1000-001700000000</UUID>
        <AffectedEntity>00000000-0001-0001-1300-000000000000</AffectedEntity>
        <DesiredEffectCode>TaskSuccess</DesiredEffectCode>
        <PerformingEntity>00000000-0001-0001-1300-000000000000</PerformingEntity>
        <StartTime>
            <SimulationTime><DelayTimeAmount>
                <IsoTimeDuration>P00Y00M00DT00H06M00S</IsoTimeDuration>
            </DelayTimeAmount></SimulationTime>
        </StartTime>
        <TaskActionCode>MOVE</TaskActionCode>     
        <RuleOfEngagement><MipWeaponUseROE><WeaponROECode>
            <WeaponRuleOfEngagementCode>ROEHold</WeaponRuleOfEngagementCode>
        </WeaponROECode></MipWeaponUseROE></RuleOfEngagement>
    </ManeuverWarfareTask></Task>
    
    <Task><ManeuverWarfareTask>
        <!-- SWE-ACTORS 3BnHQ -->
        <ActionTemporalRelationship>
            <ActionTemporalAssociationCode>STREND</ActionTemporalAssociationCode>
            <TemporalAssociationWithAction>00000000-0001-0001-1000-001700000000</TemporalAssociationWithAction>
        </ActionTemporalRelationship>
        <Location><GeodeticCoordinate>
            <Latitude>58.634</Latitude>
            <Longitude>16.124</Longitude>
        </GeodeticCoordinate></Location>
        <MapGraphicID>00000000-0001-0001-1000-000000000002</MapGraphicID>
        <Name>Move-3Bn-2</Name>
        <UUID>00000000-0001-0001-1000-001800000000</UUID>
        <AffectedEntity>00000000-0001-0001-1300-000000000000</AffectedEntity>
        <DesiredEffectCode>TaskSuccess</DesiredEffectCode>
        <PerformingEntity>00000000-0001-0001-1300-000000000000</PerformingEntity>
        <StartTime>
            <RelativeTime>
                <DelayTimeAmount>
                    <IsoTimeDuration>P00Y00M00DT00H00M00S</IsoTimeDuration>
                </DelayTimeAmount>
                <EventReference>00000000-0001-0001-1000-001700000000</EventReference>
                <TimeReferenceCode>IntervalEndTime</TimeReferenceCode>
            </RelativeTime>
        </StartTime>
        <TaskActionCode>MOVE</TaskActionCode>     
        <RuleOfEngagement><MipWeaponUseROE><WeaponROECode>
            <WeaponRuleOfEngagementCode>ROEHold</WeaponRuleOfEngagementCode>
        </WeaponROECode></MipWeaponUseROE></RuleOfEngagement>
    </ManeuverWarfareTask></Task>
    
</OrderBody>
</DomainMessageBody>
</MessageBody>

