<?xml version="1.0" encoding="UTF-8"?>
<MessageBody xmlns:xsi="http://www.w3.org/2001/XMLSchema-instance"
 xsi:schemaLocation="http://www.sisostds.org/schemas/C2SIM/1.1 ../Schema/C2SIM/C2SIM_SMX_LOX_CWIX2023v1.0.2.xsd"
 xmlns="http://www.sisostds.org/schemas/C2SIM/1.1"
 xmlns:c2s="http://www.sisostds.org/schemas/C2SIM/1.1">
<DomainMessageBody>
<!-- Operations Order Mission Rehearsal for MSG-201 CWIX 2023 -->
<!-- start times are offset from start of exeercise -->
<OrderBody>
    <FromSender>00000000-0000-0001-0001-000000000000</FromSender>
    <ToReceiver>00000000-0002-0007-1004-000000000000</ToReceiver>
    <IssuedTime>
        <IsoDateTime>0000-00-00T00:00:00Z</IsoDateTime>
    </IssuedTime>
    <OrderID>00000000-0001-0001-1000-500000000000</OrderID>
    
    <Task><ManeuverWarfareTask> 
        <!-- DEU-KORA OPFOR Establish ambush site vic 58.677858,16.271561 -->
        <Location><GeodeticCoordinate>
            <Latitude>58.66513</Latitude>
            <Longitude>16.312227</Longitude>
        </GeodeticCoordinate></Location>
        <Location><GeodeticCoordinate>
            <Latitude>58.677858</Latitude>
            <Longitude>16.271561</Longitude>
        </GeodeticCoordinate></Location>
        <Name>Move-Kroc-1</Name>
        <UUID>00000000-0002-0002-1000-000200000000</UUID>
        <AffectedEntity>00000000-0002-0007-1004-000000000000</AffectedEntity>   
        <DesiredEffectCode>TaskSuccess</DesiredEffectCode>
        <PerformingEntity>00000000-0002-0007-1004-000000000000</PerformingEntity>
        <StartTime>
            <RelativeTime>
                <DelayTimeAmount>
                    <IsoTimeDuration>P00Y00M00DT00H00M00S</IsoTimeDuration>
                </DelayTimeAmount>
                <EventReference>00000000-0002-0002-1000-000100000000</EventReference>
                <TimeReferenceCode>IntervalEndTime</TimeReferenceCode>
            </RelativeTime>
        </StartTime>
        <TaskActionCode>MOVE</TaskActionCode>
        <RuleOfEngagement><MipWeaponUseROE><WeaponROECode>
            <WeaponRuleOfEngagementCode>ROEFree</WeaponRuleOfEngagementCode>
        </WeaponROECode></MipWeaponUseROE></RuleOfEngagement>
    </ManeuverWarfareTask></Task>
        
    <Task><ManeuverWarfareTask> 
        <!-- DEU-KORA 3BnACoy -->
        <Location><GeodeticCoordinate>
            <Latitude>58.614</Latitude>
            <Longitude>16.153</Longitude>
        </GeodeticCoordinate></Location>
        <Name>Move-3BnACoy-1</Name>
        <UUID>00000000-0001-0001-1000-000800000000</UUID>
        <AffectedEntity>00000000-0001-0001-1310-000000000000</AffectedEntity>   
        <DesiredEffectCode>TaskSuccess</DesiredEffectCode>
        <PerformingEntity>00000000-0001-0001-1310-000000000000</PerformingEntity>
        <StartTime>
            <SimulationTime><DelayTimeAmount>
                <IsoTimeDuration>P00Y00M00DT00H03M00S</IsoTimeDuration>
            </DelayTimeAmount></SimulationTime>
        </StartTime>
        <TaskActionCode>MOVE</TaskActionCode>
        <RuleOfEngagement><MipWeaponUseROE><WeaponROECode>
            <WeaponRuleOfEngagementCode>ROEHold</WeaponRuleOfEngagementCode>
        </WeaponROECode></MipWeaponUseROE></RuleOfEngagement>
    </ManeuverWarfareTask></Task>
    
    <Task><ManeuverWarfareTask>
        <!-- DEU-KORA 3BnACoy -->
        <ActionTemporalRelationship>
            <ActionTemporalAssociationCode>STREND</ActionTemporalAssociationCode>
            <TemporalAssociationWithAction>00000000-0001-0001-1000-000800000000</TemporalAssociationWithAction>
        </ActionTemporalRelationship>
        <Location><GeodeticCoordinate>
            <Latitude>58.734342</Latitude>
            <Longitude>17.001257</Longitude>
        </GeodeticCoordinate></Location>
        <MapGraphicID>00000000-0001-0001-1000-000000000002</MapGraphicID>
        <Name>3BnBCoy-2</Name>
        <UUID>00000000-0001-0001-1000-001200000000</UUID>
        <AffectedEntity>00000000-0001-0001-1320-000000000000</AffectedEntity>
        <DesiredEffectCode>TaskSuccess</DesiredEffectCode>
        <PerformingEntity>00000000-0001-0001-1320-000000000000</PerformingEntity>
        <StartTime>
            <RelativeTime>
                <DelayTimeAmount>
                    <IsoTimeDuration>P00Y00M00DT00H00M00S</IsoTimeDuration>
                </DelayTimeAmount>
                <EventReference>00000000-0001-0001-1000-002000000000</EventReference>
                <TimeReferenceCode>IntervalEndTime</TimeReferenceCode>
            </RelativeTime>
        </StartTime>
        <TaskActionCode>DEFEND</TaskActionCode>     
        <RuleOfEngagement><MipWeaponUseROE><WeaponROECode>
            <WeaponRuleOfEngagementCode>ROEHold</WeaponRuleOfEngagementCode>
        </WeaponROECode></MipWeaponUseROE></RuleOfEngagement>
    </ManeuverWarfareTask></Task>
    
</OrderBody>
</DomainMessageBody>
</MessageBody>

