<?xml version="1.0" encoding="UTF-8" standalone="yes"?>
<Message xmlns="http://www.sisostds.org/schemas/C2SIM/1.1">
    <C2SIMHeader>
        <CommunicativeActTypeCode>Inform</CommunicativeActTypeCode>
        <ConversationID>1e653062-0297-4d1f-8171-e090a2356943</ConversationID>
        <FromSendingSystem>C2LG</FromSendingSystem>
        <MessageID>1902cb20-e4ac-48c7-a9d4-f43b3a7ee143</MessageID>
        <Protocol>SISO-STD-C2SIM</Protocol>
        <ProtocolVersion>1.0.2</ProtocolVersion>
        <SendingTime>
            <IsoDateTime>2023-07-11T06:46:58Z</IsoDateTime>
        </SendingTime>
        <ToReceivingSystem>localhost</ToReceivingSystem>
    </C2SIMHeader>
    <MessageBody xmlns="http://www.sisostds.org/schemas/C2SIM/1.1">
        <DomainMessageBody>
            <OrderBody>
                <FromSender>00000000-0001-0001-1000-000000000000</FromSender>
                <ToReceiver>00000000-0001-0001-1411-000000000000</ToReceiver>
                <IssuedTime>
                    <IsoDateTime>2023-07-11T06:47:02Z</IsoDateTime>
                </IssuedTime>
                <OrderID>00000000-0001-0001-1000-168905511515</OrderID>
                <Task>
                    <ManeuverWarfareTask>
                        <Location>
                            <GeodeticCoordinate>
                                <Latitude>58.63598141454523</Latitude>
                                <Longitude>16.29882534062657</Longitude>
                            </GeodeticCoordinate>
                        </Location>
                        <Location>
                            <GeodeticCoordinate>
                                <Latitude>58.66477057797184</Latitude>
                                <Longitude>16.312030575303126</Longitude>
                            </GeodeticCoordinate>
                        </Location>
                        <Name>MOVE-4BnBdeQRF</Name>
                        <UUID>00000000-0001-0001-1000-168905511515</UUID>
                        <AffectedEntity>00000000-0001-0001-1411-000000000000</AffectedEntity>
                        <DesiredEffectCode>TaskSuccess</DesiredEffectCode>
                        <PerformingEntity>00000000-0001-0001-1411-000000000000</PerformingEntity>
                        <StartTime>
                            <SimulationTime>
                                <DelayTimeAmount>
                                    <IsoTimeDuration>P00Y00M00DT00H02M00S</IsoTimeDuration>
                                </DelayTimeAmount>
                            </SimulationTime>
                        </StartTime>
                        <TaskActionCode>MOVE</TaskActionCode>
                        <RuleOfEngagement>
                            <MipWeaponUseROE>
                                <WeaponROECode>
                                    <WeaponRuleOfEngagementCode>ROEHold</WeaponRuleOfEngagementCode>
                                </WeaponROECode>
                            </MipWeaponUseROE>
                        </RuleOfEngagement>
                    </ManeuverWarfareTask>
                </Task>
            </OrderBody>
        </DomainMessageBody>
    </MessageBody>
</Message>