<?xml version="1.0" encoding="UTF-8"?><MessageBody xmlns:xsi="http://www.w3.org/2001/XMLSchema-instance"
 xsi:schemaLocation="http://www.sisostds.org/schemas/C2SIM/1.1 ../../C2SIMGUIv2.13.4/Schema/C2SIM/C2SIM_SMX_LOX_CWIX2023v2.xsd"
 xmlns="http://www.sisostds.org/schemas/C2SIM/1.1"
 xmlns:c2s="http://www.sisostds.org/schemas/C2SIM/1.1">
<DomainMessageBody>
<!-- Operations Order Mission Rehearsal for MSG-201 CWIX 2023 -->
<!-- start times are offset from start of exeercise -->
<OrderBody>
    <FromSender>00000000-0000-0001-0001-000000000000</FromSender>
    <ToReceiver>00000000-0001-0001-1411-000000000000</ToReceiver>
    <IssuedTime>
        <IsoDateTime>0000-00-00T00:00:00Z</IsoDateTime>
    </IssuedTime>
    <OrderID>00000000-0001-0001-1000-600000000000</OrderID>

    <Task><ManeuverWarfareTask>
        <!-- FRA-SWORD QRF patrol NAI 301 -->
        <Location><GeodeticCoordinate>
            <Latitude>58.586727</Latitude>
            <Longitude>16.249418</Longitude>
        </GeodeticCoordinate></Location>
        <Location><GeodeticCoordinate>
            <Latitude>58.677858</Latitude>
            <Longitude>16.271561</Longitude>
        </GeodeticCoordinate></Location>
        <Name>Move-BdeQRF-1</Name>
        <UUID>00000000-0001-0001-1000-000200000000</UUID>
        <AffectedEntity>00000000-0001-0001-1411-000000000000</AffectedEntity>
        <DesiredEffectCode>TaskSuccess</DesiredEffectCode>
        <PerformingEntity>00000000-0001-0001-1411-000000000000</PerformingEntity>
        <StartTime>
            <SimulationTime><DelayTimeAmount>
                <IsoTimeDuration>P00Y00M00DT00H00M00S</IsoTimeDuration>
            </DelayTimeAmount></SimulationTime>
        </StartTime>
        <TaskActionCode>TRANS</TaskActionCode>
        <RuleOfEngagement><MipWeaponUseROE><WeaponROECode>
            <WeaponRuleOfEngagementCode>ROEHold</WeaponRuleOfEngagementCode>
        </WeaponROECode></MipWeaponUseROE></RuleOfEngagement>
    </ManeuverWarfareTask></Task>

    <Task><ManeuverWarfareTask>
        <!-- FRA-SWORD QRF Return from NAI 301 to base -->
        <ActionTemporalRelationship>
            <ActionTemporalAssociationCode>STREND</ActionTemporalAssociationCode>
            <TemporalAssociationWithAction>00000000-0001-0001-1000-000200000000</TemporalAssociationWithAction>
        </ActionTemporalRelationship>
        <Location><GeodeticCoordinate>
            <Latitude>58.677858</Latitude>
            <Longitude>16.271561</Longitude>
        </GeodeticCoordinate></Location>
        <Location><GeodeticCoordinate>
            <Latitude>58.586727</Latitude>
            <Longitude>16.249418</Longitude>
        </GeodeticCoordinate></Location>
        <Name>Move-BdeQRF-2</Name>
        <UUID>00000000-0001-0001-1000-000300000000</UUID>
        <AffectedEntity>00000000-0001-0001-1411-000000000000</AffectedEntity>
        <DesiredEffectCode>IDNT</DesiredEffectCode>
        <PerformingEntity>00000000-0001-0001-1411-000000000000</PerformingEntity>
        <StartTime>
            <RelativeTime>
                <DelayTimeAmount>
                    <IsoTimeDuration>P00Y00M00DT00H00M60S</IsoTimeDuration>
                </DelayTimeAmount>
                <EventReference>00000000-0001-0001-1000-000200000000</EventReference>
                <TimeReferenceCode>IntervalEndTime</TimeReferenceCode>
            </RelativeTime>
        </StartTime>
        <TaskActionCode>MOVE</TaskActionCode>
        <RuleOfEngagement><MipWeaponUseROE><WeaponROECode>
            <WeaponRuleOfEngagementCode>ROEHold</WeaponRuleOfEngagementCode>
        </WeaponROECode></MipWeaponUseROE></RuleOfEngagement>
    </ManeuverWarfareTask></Task>

</OrderBody>
</DomainMessageBody>
</MessageBody>

