<?xml version="1.0" encoding="UTF-8"?>
<MessageBody xmlns:xsi="http://www.w3.org/2001/XMLSchema-instance"
 xsi:schemaLocation="http://www.sisostds.org/schemas/C2SIM/1.1 ../Schema/C2SIM/C2SIM_SMX_LOX_v1.0.2.xsd"
 xmlns="http://www.sisostds.org/schemas/C2SIM/1.1"
 xmlns:c2s="http://www.sisostds.org/schemas/C2SIM/1.1">
<DomainMessageBody>
<!-- Operations Order Phase 3 for MSG-201 CWIX 2022 -->
<OrderBody>
    <FromSender>00000000-0000-0001-0001-000000000000</FromSender>
    <ToReceiver>00000000-0007-0001-0000-000000000000</ToReceiver>
    <IssuedTime>
        <IsoDateTime>0000-00-00T00:00:00Z</IsoDateTime>
    </IssuedTime>
    <OrderID>00000000-0001-0001-1000-200000000000</OrderID>
    
    <Task><ManeuverWarfareTask> 
        <!-- Row59 Prepare ambush of 3Bn Main Body -->
        <Location><GeodeticCoordinate>
            <Latitude>58.677858</Latitude>
            <Longitude>16.271561</Longitude>
        </GeodeticCoordinate></Location>
        <Name>Defend-Krok-1</Name>
        <UUID>00000000-0002-0002-1000-000200000000</UUID>
        <AffectedEntity>00000000-0002-0007-1004-000000000000</AffectedEntity>   
        <DesiredEffectCode>TaskSuccess</DesiredEffectCode>
        <PerformingEntity>00000000-0002-0007-1004-000000000000</PerformingEntity>
        <TaskActionCode>DEFEND</TaskActionCode>
        <RuleOfEngagement><MipWeaponUseROE><WeaponROECode>
            <WeaponRuleOfEngagementCode>ROEFree</WeaponRuleOfEngagementCode>
        </WeaponROECode></MipWeaponUseROE></RuleOfEngagement>
    </ManeuverWarfareTask></Task>
    
    <Task><ManeuverWarfareTask> 
        <!-- Row65 Prepare to receive 3Bn. Then prepare to execute Phase IV. -->
        <Location><GeodeticCoordinate>
            <Latitude>58.734342</Latitude>
            <Longitude>17.001257</Longitude>
        </GeodeticCoordinate></Location>
        <Name>Defend-3BnACoy-1</Name>
        <UUID>00000000-0001-0001-1000-000800000000</UUID>
        <AffectedEntity>00000000-0001-0001-1310-000000000000</AffectedEntity>   
        <DesiredEffectCode>TaskSuccess</DesiredEffectCode>
        <PerformingEntity>00000000-0001-0001-1310-000000000000</PerformingEntity>
        <TaskActionCode>DEFEND</TaskActionCode>
        <RuleOfEngagement><MipWeaponUseROE><WeaponROECode>
            <WeaponRuleOfEngagementCode>ROEHold</WeaponRuleOfEngagementCode>
        </WeaponROECode></MipWeaponUseROE></RuleOfEngagement>
    </ManeuverWarfareTask></Task>
    
    <Task><ManeuverWarfareTask> 
        <!-- Row66 Start Phase III (3Bn Main Party to FOB Hawk). Initial Position to SP-ORANGE. (Distance 18 KM) -->
        <Location><GeodeticCoordinate>
            <Latitude>58.575894</Latitude>
            <Longitude>16.259419</Longitude>
        </GeodeticCoordinate></Location>
        <Name>Move-3BnBCoy-1</Name>
        <UUID>00000000-0001-0001-1000-000900000000</UUID>
        <AffectedEntity>00000000-0001-0001-1320-000000000000</AffectedEntity>   
        <DesiredEffectCode>TaskSuccess</DesiredEffectCode>
        <PerformingEntity>00000000-0001-0001-1320-000000000000</PerformingEntity>
        <TaskActionCode>MOVE</TaskActionCode>
        <RuleOfEngagement><MipWeaponUseROE><WeaponROECode>
            <WeaponRuleOfEngagementCode>ROEHold</WeaponRuleOfEngagementCode>
        </WeaponROECode></MipWeaponUseROE></RuleOfEngagement>
    </ManeuverWarfareTask></Task>
    
</OrderBody>
</DomainMessageBody>
</MessageBody>

