<?xml version="1.0" encoding="UTF-8"?>
<c2s:MessageBody xmlns:xsi="http://www.w3.org/2001/XMLSchema-instance"
 xsi:schemaLocation="http://www.sisostds.org/schemas/C2SIM/1.1 file:../Schema/C2SIM/C2SIM_SMX_LOX_ASX_v1.0.1.xsd"
 xmlns="http://www.sisostds.org/schemas/C2SIM/1.1"
 xmlns:c2s="http://www.sisostds.org/schemas/C2SIM/1.1">
<!-- NPS-VRForces order template for FMN demo -->
<c2s:DomainMessageBody>
    
<c2s:OrderBody>
    <c2s:FromSender>00000000-0000-0001-0001-000000000000</c2s:FromSender>
    <c2s:ToReceiver>00000000-0007-0001-0000-000000000000</c2s:ToReceiver>
    <c2s:Entity>
        <c2s:PhysicalEntity>
            <c2s:MapGraphic>
                <c2s:TacticalGraphic>
                    <c2s:Line>
                        <c2s:Route>
                            <c2s:EntityType>
                                <c2s:NamedEntityType>
                                    <c2s:EntityTypeString>USBN1COBRT1</c2s:EntityTypeString>
                                </c2s:NamedEntityType>
                            </c2s:EntityType>
                            <c2s:UUID>00000000-0007-0001-0006-000001000001</c2s:UUID>
                            <c2s:CurrentState>
                                <c2s:PhysicalState>
                                    <c2s:Location><c2s:GeodeticCoordinate>
                                        <c2s:Latitude>58.6102</c2s:Latitude>
                                        <c2s:Longitude>16.1686</c2s:Longitude>
                                    </c2s:GeodeticCoordinate></c2s:Location>
                                    <c2s:Location><c2s:GeodeticCoordinate>
                                        <c2s:Latitude>58.579</c2s:Latitude>
                                        <c2s:Longitude>16.207</c2s:Longitude>
                                    </c2s:GeodeticCoordinate></c2s:Location>
                                    <c2s:Location><c2s:GeodeticCoordinate>
                                        <c2s:Latitude>58.579</c2s:Latitude>
                                        <c2s:Longitude>16.3</c2s:Longitude>
                                    </c2s:GeodeticCoordinate></c2s:Location>
                                </c2s:PhysicalState>
                            </c2s:CurrentState>
                        </c2s:Route>
                    </c2s:Line>
                </c2s:TacticalGraphic>
            </c2s:MapGraphic>
        </c2s:PhysicalEntity>
    </c2s:Entity>
    <c2s:Entity>
        <c2s:PhysicalEntity>
            <c2s:MapGraphic>
                <c2s:TacticalGraphic>
                    <c2s:Line>
                        <c2s:Route>
                            <c2s:EntityType>
                                <c2s:NamedEntityType>
                                    <c2s:EntityTypeString>USBN1COBRT2</c2s:EntityTypeString>
                                </c2s:NamedEntityType>
                            </c2s:EntityType>
                            <c2s:UUID>00000000-0007-0001-0006-000002000001</c2s:UUID>
                            <c2s:CurrentState>
                                <c2s:PhysicalState>
                                    <c2s:Location><c2s:GeodeticCoordinate>
                                        <c2s:Latitude>58.579</c2s:Latitude>
                                        <c2s:Longitude>16.207</c2s:Longitude>
                                    </c2s:GeodeticCoordinate></c2s:Location>
                                    <c2s:Location><c2s:GeodeticCoordinate>
                                        <c2s:Latitude>58.547</c2s:Latitude>
                                        <c2s:Longitude>16.591</c2s:Longitude>
                                    </c2s:GeodeticCoordinate></c2s:Location>
                                </c2s:PhysicalState>
                            </c2s:CurrentState>
                        </c2s:Route>
                    </c2s:Line>
                </c2s:TacticalGraphic>
            </c2s:MapGraphic>
        </c2s:PhysicalEntity>
    </c2s:Entity>
    <c2s:IssuedTime>
        <c2s:IsoDateTime>0000-00-00T00:00:00Z</c2s:IsoDateTime>
    </c2s:IssuedTime>
    <c2s:OrderID>00000000-0007-0000-0007-000000000000</c2s:OrderID>
    <c2s:Task><c2s:ManeuverWarfareTask> 
        <c2s:MapGraphicID>00000000-0007-0001-0006-000001000001</c2s:MapGraphicID>
        <c2s:Name>NPS-VRF5</c2s:Name>
        <c2s:UUID>00000000-0007-0001-0006-000000000001</c2s:UUID>
        <c2s:AffectedEntity>00000000-0007-0001-0103-000000000000</c2s:AffectedEntity>   
        <c2s:DesiredEffectCode>IDNT</c2s:DesiredEffectCode>
        <c2s:PerformingEntity>00000000-0007-0001-0103-000000000000</c2s:PerformingEntity>
        <c2s:StartTime>
            <c2s:SimulationTime><c2s:DelayTimeAmount>
                <c2s:IsoTimeDuration>P00Y00M00DT00H00M10S</c2s:IsoTimeDuration>
            </c2s:DelayTimeAmount></c2s:SimulationTime>
        </c2s:StartTime>
        <c2s:TaskActionCode>ATTACK</c2s:TaskActionCode>
        <c2s:RuleOfEngagement><c2s:MipWeaponUseROE><c2s:WeaponROECode>
             <c2s:WeaponRuleOfEngagementCode>ROEFree</c2s:WeaponRuleOfEngagementCode>
        </c2s:WeaponROECode></c2s:MipWeaponUseROE></c2s:RuleOfEngagement>
    </c2s:ManeuverWarfareTask></c2s:Task>
    <c2s:Task><c2s:ManeuverWarfareTask>
        <c2s:ActionTemporalRelationship>
            <c2s:ActionTemporalAssociationCode>STREND</c2s:ActionTemporalAssociationCode>
            <c2s:TemporalAssociationWithAction>00000000-0007-0001-0006-000000000001</c2s:TemporalAssociationWithAction>
        </c2s:ActionTemporalRelationship>
<c2s:Location><c2s:GeodeticCoordinate>
                                        <c2s:Latitude>58.547</c2s:Latitude>
                                        <c2s:Longitude>16.591</c2s:Longitude>
                                    </c2s:GeodeticCoordinate></c2s:Location>
        <c2s:MapGraphicID>00000000-0007-0001-0006-000002000001</c2s:MapGraphicID>
        <c2s:Name>NPS-VRF6</c2s:Name>
        <c2s:UUID>00000000-0007-0001-0007-000000000002</c2s:UUID>
        <c2s:AffectedEntity>00000000-0007-0002-1000-000000000000</c2s:AffectedEntity>  
        <c2s:DesiredEffectCode>IDNT</c2s:DesiredEffectCode>
        <c2s:PerformingEntity>00000000-0007-0001-0103-000000000000</c2s:PerformingEntity>
        <c2s:StartTime>
            <c2s:RelativeTime>
                <c2s:DelayTimeAmount>
                    <c2s:IsoTimeDuration>P00Y00M00DT00H00M10S</c2s:IsoTimeDuration>
                </c2s:DelayTimeAmount>
                <c2s:EventReference>00000000-0000-0000-0000-000000000000</c2s:EventReference>
                <c2s:TimeReferenceCode>IntervalStartTime</c2s:TimeReferenceCode>
            </c2s:RelativeTime>
        </c2s:StartTime>
        <c2s:TaskActionCode>BYPASS</c2s:TaskActionCode>     
        <c2s:RuleOfEngagement><c2s:MipWeaponUseROE><c2s:WeaponROECode>
             <c2s:WeaponRuleOfEngagementCode>ROETight</c2s:WeaponRuleOfEngagementCode>
        </c2s:WeaponROECode></c2s:MipWeaponUseROE></c2s:RuleOfEngagement>
    </c2s:ManeuverWarfareTask></c2s:Task>
</c2s:OrderBody>
</c2s:DomainMessageBody>
</c2s:MessageBody>

